date,datatype,station,attributes,value,elevation,mindate,maxdate,latitude,name,datacoverage,elevationUnit,longitude
2020-04-13T00:00:00,PRCP,GHCND:CA005020881,",,C,",0.0,242.0,2009-07-23,2021-04-09,49.0,"EMERSON AUTO, ND US",0.9481,METERS,-97.2333
2020-04-13T00:00:00,TAVG,GHCND:CA005020881,",,C,",20.0,242.0,2009-07-23,2021-04-09,49.0,"EMERSON AUTO, ND US",0.9481,METERS,-97.2333
2020-04-13T00:00:00,TMAX,GHCND:CA005020881,",,C,",24.0,242.0,2009-07-23,2021-04-09,49.0,"EMERSON AUTO, ND US",0.9481,METERS,-97.2333
2020-04-13T00:00:00,TMIN,GHCND:CA005020881,",,C,",16.0,242.0,2009-07-23,2021-04-09,49.0,"EMERSON AUTO, ND US",0.9481,METERS,-97.2333
2020-04-13T00:00:00,WDFG,GHCND:CA005020881,",,C,",32.0,242.0,2009-07-23,2021-04-09,49.0,"EMERSON AUTO, ND US",0.9481,METERS,-97.2333
2020-04-13T00:00:00,WSFG,GHCND:CA005020881,",,C,",100.7,242.0,2009-07-23,2021-04-09,49.0,"EMERSON AUTO, ND US",0.9481,METERS,-97.2333
2020-04-13T00:00:00,SNOW,GHCND:US1NDBH0032,",,N,",1.1,663.2,2012-04-05,2021-02-03,47.1560930460691,"WILTON 0.2 SSW, ND US",0.4388,METERS,-100.786553174257
2020-04-13T00:00:00,PRCP,GHCND:US1NDBH0034,",,N,",0.04,526.1,2012-04-16,2021-04-09,46.8114599,"BISMARCK 1.3 WNW, ND US",0.9896,METERS,-100.792962
2020-04-13T00:00:00,SNOW,GHCND:US1NDBH0034,",,N,",0.8,526.1,2012-04-16,2021-04-09,46.8114599,"BISMARCK 1.3 WNW, ND US",0.9896,METERS,-100.792962
2020-04-13T00:00:00,SNWD,GHCND:US1NDBH0034,",,N,",1.0,526.1,2012-04-16,2021-04-09,46.8114599,"BISMARCK 1.3 WNW, ND US",0.9896,METERS,-100.792962
2020-04-13T00:00:00,PRCP,GHCND:US1NDBN0005,",,N,",0.0,446.5,2020-03-15,2021-04-10,48.0719,"MINNEWAUKAN 0.1 N, ND US",0.9847,METERS,-99.249757
2020-04-13T00:00:00,PRCP,GHCND:US1NDBT0003,",,N,",0.0,438.9,2010-12-30,2021-04-09,48.67696667,"UPHAM 7.5 NNW, ND US",0.9856,METERS,-100.8025667
2020-04-13T00:00:00,SNOW,GHCND:US1NDBT0003,",,N,",0.0,438.9,2010-12-30,2021-04-09,48.67696667,"UPHAM 7.5 NNW, ND US",0.9856,METERS,-100.8025667
2020-04-13T00:00:00,WESF,GHCND:US1NDBT0003,",,N,",0.0,438.9,2010-12-30,2021-04-09,48.67696667,"UPHAM 7.5 NNW, ND US",0.9856,METERS,-100.8025667
2020-04-13T00:00:00,PRCP,GHCND:US1NDBT0008,",,N,",0.01,456.0,2018-03-24,2021-04-10,48.744588,"MAXBASS 4.9 ENE, ND US",0.9722,METERS,-101.038884
2020-04-13T00:00:00,SNOW,GHCND:US1NDBT0008,",,N,",0.2,456.0,2018-03-24,2021-04-10,48.744588,"MAXBASS 4.9 ENE, ND US",0.9722,METERS,-101.038884
2020-04-13T00:00:00,PRCP,GHCND:US1NDBT0009,",,N,",0.0,456.0,2019-04-01,2021-04-10,48.91363,"WESTHOPE 0.1 N, ND US",0.9231,METERS,-101.01682
2020-04-13T00:00:00,PRCP,GHCND:US1NDCS0001,"T,,N,",0.0,273.1,2008-10-19,2021-04-10,46.8275,"WEST FARGO 3.8 SSE, ND US",0.9506,METERS,-96.8528333
2020-04-13T00:00:00,SNOW,GHCND:US1NDCS0001,"T,,N,",0.0,273.1,2008-10-19,2021-04-10,46.8275,"WEST FARGO 3.8 SSE, ND US",0.9506,METERS,-96.8528333
2020-04-13T00:00:00,SNWD,GHCND:US1NDCS0001,",,N,",0.0,273.1,2008-10-19,2021-04-10,46.8275,"WEST FARGO 3.8 SSE, ND US",0.9506,METERS,-96.8528333
2020-04-13T00:00:00,PRCP,GHCND:US1NDCS0024,",,N,",0.01,275.2,2010-05-01,2021-04-09,46.813729,"FARGO 4.3 S, ND US",0.2877,METERS,-96.820409
2020-04-13T00:00:00,PRCP,GHCND:US1NDCS0025,"T,,N,",0.0,276.1,2001-08-17,2021-04-10,46.908167,"FARGO 2.1 N, ND US",0.3621,METERS,-96.779373
2020-04-13T00:00:00,SNOW,GHCND:US1NDCS0025,"T,,N,",0.0,276.1,2001-08-17,2021-04-10,46.908167,"FARGO 2.1 N, ND US",0.3621,METERS,-96.779373
2020-04-13T00:00:00,SNWD,GHCND:US1NDCS0025,"T,,N,",0.0,276.1,2001-08-17,2021-04-10,46.908167,"FARGO 2.1 N, ND US",0.3621,METERS,-96.779373
2020-04-13T00:00:00,PRCP,GHCND:US1NDCS0045,",,N,",0.0,272.8,2015-03-16,2021-04-10,46.925995,"FARGO 3.6 NNE, ND US",0.8061,METERS,-96.793217
2020-04-13T00:00:00,PRCP,GHCND:US1NDCS0049,",,N,",0.0,273.7,2015-09-20,2021-04-09,46.9380836486816,"FARGO 4.4 NNE, ND US",0.9621,METERS,-96.7947540283203
2020-04-13T00:00:00,SNOW,GHCND:US1NDCS0049,",,N,",0.0,273.7,2015-09-20,2021-04-09,46.9380836486816,"FARGO 4.4 NNE, ND US",0.9621,METERS,-96.7947540283203
2020-04-13T00:00:00,PRCP,GHCND:US1NDCS0065,",,N,",0.0,276.1,2020-04-12,2021-04-10,46.824735,"FARGO 3.7 SSE, ND US",0.8132,METERS,-96.797642
2020-04-13T00:00:00,SNOW,GHCND:US1NDCS0065,",,N,",0.0,276.1,2020-04-12,2021-04-10,46.824735,"FARGO 3.7 SSE, ND US",0.8132,METERS,-96.797642
2020-04-13T00:00:00,PRCP,GHCND:US1NDCS0067,"T,,N,",0.0,278.3,2020-03-20,2021-04-07,46.785815,"HORACE 2.0 N, ND US",0.4427,METERS,-96.907104
2020-04-13T00:00:00,PRCP,GHCND:US1NDCV0004,",,N,",0.01,500.2,2020-03-11,2021-04-09,48.757576,"LANGDON 1.4 ESE, ND US",0.9899,METERS,-98.34205
2020-04-13T00:00:00,SNOW,GHCND:US1NDCV0004,",,N,",0.3,500.2,2020-03-11,2021-04-09,48.757576,"LANGDON 1.4 ESE, ND US",0.9899,METERS,-98.34205
2020-04-13T00:00:00,WESF,GHCND:US1NDCV0004,",,N,",0.0,500.2,2020-03-11,2021-04-09,48.757576,"LANGDON 1.4 ESE, ND US",0.9899,METERS,-98.34205
2020-04-13T00:00:00,PRCP,GHCND:US1NDDC0009,"T,,N,",0.0,405.4,2016-04-25,2021-04-09,46.138933673501,"OAKES 1.6 W, ND US",0.8929,METERS,-98.1202670931816
2020-04-13T00:00:00,PRCP,GHCND:US1NDDC0013,",,N,",0.03,463.6,2018-04-11,2021-04-10,46.069578,"ELLENDALE 7.3 NW, ND US",0.9954,METERS,-98.644094
2020-04-13T00:00:00,SNOW,GHCND:US1NDDC0013,",,N,",1.4,463.6,2018-04-11,2021-04-10,46.069578,"ELLENDALE 7.3 NW, ND US",0.9954,METERS,-98.644094
2020-04-13T00:00:00,WESF,GHCND:US1NDDC0013,",,N,",0.0,463.6,2018-04-11,2021-04-10,46.069578,"ELLENDALE 7.3 NW, ND US",0.9954,METERS,-98.644094
2020-04-13T00:00:00,PRCP,GHCND:US1NDDN0011,",,N,",0.12,741.9,2009-05-05,2021-03-27,47.321148,"KILLDEER 5.4 SW, ND US",0.6053,METERS,-102.847733
2020-04-13T00:00:00,SNOW,GHCND:US1NDDN0011,",,N,",2.9,741.9,2009-05-05,2021-03-27,47.321148,"KILLDEER 5.4 SW, ND US",0.6053,METERS,-102.847733
2020-04-13T00:00:00,WESF,GHCND:US1NDDN0011,",,N,",0.1,741.9,2009-05-05,2021-03-27,47.321148,"KILLDEER 5.4 SW, ND US",0.6053,METERS,-102.847733
2020-04-13T00:00:00,PRCP,GHCND:US1NDFS0009,",,N,",0.0,484.3,2018-05-17,2021-04-08,47.4503030738351,"CARRINGTON 0.3 W, ND US",0.6418,METERS,-99.1308291291745
2020-04-13T00:00:00,SNOW,GHCND:US1NDFS0009,",,N,",0.0,484.3,2018-05-17,2021-04-08,47.4503030738351,"CARRINGTON 0.3 W, ND US",0.6418,METERS,-99.1308291291745
2020-04-13T00:00:00,PRCP,GHCND:US1NDGF0009,"T,,N,",0.0,343.2,2014-05-02,2021-04-09,47.8443948179483,"LARIMORE 4.9 SSE, ND US",0.8457,METERS,-97.581234946847
2020-04-13T00:00:00,PRCP,GHCND:US1NDGF0013,"T,,N,",0.0,255.1,2016-12-01,2021-04-09,47.864983,"GRAND FORKS 3.7 SSE, ND US",0.9937,METERS,-97.050839
2020-04-13T00:00:00,SNOW,GHCND:US1NDGF0013,"T,,N,",0.0,255.1,2016-12-01,2021-04-09,47.864983,"GRAND FORKS 3.7 SSE, ND US",0.9937,METERS,-97.050839
2020-04-13T00:00:00,SNWD,GHCND:US1NDGF0013,"T,,N,",0.0,255.1,2016-12-01,2021-04-09,47.864983,"GRAND FORKS 3.7 SSE, ND US",0.9937,METERS,-97.050839
2020-04-13T00:00:00,WESF,GHCND:US1NDGF0013,"T,,N,",0.0,255.1,2016-12-01,2021-04-09,47.864983,"GRAND FORKS 3.7 SSE, ND US",0.9937,METERS,-97.050839
2020-04-13T00:00:00,PRCP,GHCND:US1NDGF0023,"T,,N,",0.0,347.2,2020-04-03,2021-04-10,47.9053,"LARIMORE 0.4 SE, ND US",0.9866,METERS,-97.6211
2020-04-13T00:00:00,PRCP,GHCND:US1NDGV0001,",,N,",0.21,854.4,2012-03-27,2021-04-10,46.9095039,"BEACH 0.3 SSE, ND US",0.9952,METERS,-104.0049702
2020-04-13T00:00:00,SNOW,GHCND:US1NDGV0001,",,N,",1.7,854.4,2012-03-27,2021-04-10,46.9095039,"BEACH 0.3 SSE, ND US",0.9952,METERS,-104.0049702
2020-04-13T00:00:00,SNWD,GHCND:US1NDGV0001,",,N,",1.5,854.4,2012-03-27,2021-04-10,46.9095039,"BEACH 0.3 SSE, ND US",0.9952,METERS,-104.0049702
2020-04-13T00:00:00,WESF,GHCND:US1NDGV0001,",,N,",0.2,854.4,2012-03-27,2021-04-10,46.9095039,"BEACH 0.3 SSE, ND US",0.9952,METERS,-104.0049702
2020-04-13T00:00:00,PRCP,GHCND:US1NDLM0002,",,N,",0.01,594.7,2011-07-21,2021-04-07,46.355388,"KULM 4.0 NNE, ND US",0.4728,METERS,-98.917698
2020-04-13T00:00:00,SNOW,GHCND:US1NDLM0002,",,N,",0.5,594.7,2011-07-21,2021-04-07,46.355388,"KULM 4.0 NNE, ND US",0.4728,METERS,-98.917698
2020-04-13T00:00:00,SNWD,GHCND:US1NDLM0002,",,N,",0.5,594.7,2011-07-21,2021-04-07,46.355388,"KULM 4.0 NNE, ND US",0.4728,METERS,-98.917698
2020-04-13T00:00:00,WESD,GHCND:US1NDLM0002,",,N,",0.0,594.7,2011-07-21,2021-04-07,46.355388,"KULM 4.0 NNE, ND US",0.4728,METERS,-98.917698
2020-04-13T00:00:00,WESF,GHCND:US1NDLM0002,",,N,",0.0,594.7,2011-07-21,2021-04-07,46.355388,"KULM 4.0 NNE, ND US",0.4728,METERS,-98.917698
2020-04-13T00:00:00,PRCP,GHCND:US1NDLM0003,"T,,N,",0.0,496.2,2011-07-25,2021-04-09,46.4167604,"EDGELEY 5.2 NW, ND US",0.8788,METERS,-98.7875315
2020-04-13T00:00:00,SNOW,GHCND:US1NDLM0003,"T,,N,",0.0,496.2,2011-07-25,2021-04-09,46.4167604,"EDGELEY 5.2 NW, ND US",0.8788,METERS,-98.7875315
2020-04-13T00:00:00,WESF,GHCND:US1NDLM0003,"T,,N,",0.0,496.2,2011-07-25,2021-04-09,46.4167604,"EDGELEY 5.2 NW, ND US",0.8788,METERS,-98.7875315
2020-04-13T00:00:00,PRCP,GHCND:US1NDLM0004,"T,,N,",0.0,427.6,2011-08-01,2021-04-09,46.3444683,"LA MOURE 4.6 ESE, ND US",0.8975,METERS,-98.2020494
2020-04-13T00:00:00,SNOW,GHCND:US1NDLM0004,"T,,N,",0.0,427.6,2011-08-01,2021-04-09,46.3444683,"LA MOURE 4.6 ESE, ND US",0.8975,METERS,-98.2020494
2020-04-13T00:00:00,DAPR,GHCND:US1NDLM0011,",,N,",3.0,422.1,2018-04-26,2021-04-10,46.36345,"VERONA 0.2 SSE, ND US",0.5874,METERS,-98.06921
2020-04-13T00:00:00,MDPR,GHCND:US1NDLM0011,"T,,N,",0.0,422.1,2018-04-26,2021-04-10,46.36345,"VERONA 0.2 SSE, ND US",0.5874,METERS,-98.06921
2020-04-13T00:00:00,PRCP,GHCND:US1NDML0007,",,N,",0.04,579.7,2012-04-19,2021-04-10,47.6252727017546,"GARRISON 2.1 SSW, ND US",0.7075,METERS,-101.437235467792
2020-04-13T00:00:00,PRCP,GHCND:US1NDML0009,",,N,",0.0,592.8,2017-04-02,2020-10-17,47.641929,"GARRISON 5.2 E, ND US",0.5243,METERS,-101.312018
2020-04-13T00:00:00,SNOW,GHCND:US1NDML0009,",,N,",0.0,592.8,2017-04-02,2020-10-17,47.641929,"GARRISON 5.2 E, ND US",0.5243,METERS,-101.312018
2020-04-13T00:00:00,PRCP,GHCND:US1NDMR0002,",,N,",0.03,533.1,2011-03-27,2021-04-10,47.29558,"HAZEN 0.4 SW, ND US",0.9662,METERS,-101.630102
2020-04-13T00:00:00,SNOW,GHCND:US1NDMR0002,",,N,",0.5,533.1,2011-03-27,2021-04-10,47.29558,"HAZEN 0.4 SW, ND US",0.9662,METERS,-101.630102
2020-04-13T00:00:00,SNWD,GHCND:US1NDMR0002,",,N,",0.5,533.1,2011-03-27,2021-04-10,47.29558,"HAZEN 0.4 SW, ND US",0.9662,METERS,-101.630102
2020-04-13T00:00:00,WESD,GHCND:US1NDMR0002,",,N,",0.0,533.1,2011-03-27,2021-04-10,47.29558,"HAZEN 0.4 SW, ND US",0.9662,METERS,-101.630102
2020-04-13T00:00:00,WESF,GHCND:US1NDMR0002,",,N,",0.0,533.1,2011-03-27,2021-04-10,47.29558,"HAZEN 0.4 SW, ND US",0.9662,METERS,-101.630102
2020-04-13T00:00:00,PRCP,GHCND:US1NDMR0007,",,N,",0.01,531.9,2012-08-08,2021-04-10,47.298303413373,"HAZEN 0.4 ESE, ND US",0.9747,METERS,-101.617834704981
2020-04-13T00:00:00,SNOW,GHCND:US1NDMR0007,",,N,",0.4,531.9,2012-08-08,2021-04-10,47.298303413373,"HAZEN 0.4 ESE, ND US",0.9747,METERS,-101.617834704981
2020-04-13T00:00:00,WESF,GHCND:US1NDMR0007,",,N,",0.0,531.9,2012-08-08,2021-04-10,47.298303413373,"HAZEN 0.4 ESE, ND US",0.9747,METERS,-101.617834704981
2020-04-13T00:00:00,PRCP,GHCND:US1NDMT0005,",,N,",0.07,634.3,2012-02-23,2021-04-09,46.6684325784445,"NEW SALEM 13.7 SSE, ND US",0.9403,METERS,-101.277933865786
2020-04-13T00:00:00,SNOW,GHCND:US1NDMT0005,",,N,",1.2,634.3,2012-02-23,2021-04-09,46.6684325784445,"NEW SALEM 13.7 SSE, ND US",0.9403,METERS,-101.277933865786
2020-04-13T00:00:00,PRCP,GHCND:US1NDMT0016,",,N,",0.05,549.6,2019-07-03,2021-04-09,46.805404,"MANDAN 1.7 SSE, ND US",0.7743,METERS,-100.878262
2020-04-13T00:00:00,SNWD,GHCND:US1NDMT0016,",,N,",1.5,549.6,2019-07-03,2021-04-09,46.805404,"MANDAN 1.7 SSE, ND US",0.7743,METERS,-100.878262
2020-04-13T00:00:00,PRCP,GHCND:US1NDOL0004,",,N,",0.03,629.4,2019-11-08,2020-11-03,47.0642,"CENTER 11.3 ESE, ND US",0.5635,METERS,-101.069
2020-04-13T00:00:00,SNOW,GHCND:US1NDOL0004,",,N,",0.4,629.4,2019-11-08,2020-11-03,47.0642,"CENTER 11.3 ESE, ND US",0.5635,METERS,-101.069
2020-04-13T00:00:00,WESF,GHCND:US1NDOL0004,",,N,",0.0,629.4,2019-11-08,2020-11-03,47.0642,"CENTER 11.3 ESE, ND US",0.5635,METERS,-101.069
2020-04-13T00:00:00,PRCP,GHCND:US1NDPM0001,"T,,N,",0.0,287.7,2011-10-31,2021-04-09,48.851105,"CAVALIER 7.9 WNW, ND US",0.922,METERS,-97.77746
2020-04-13T00:00:00,SNOW,GHCND:US1NDPM0001,",,N,",0.1,287.7,2011-10-31,2021-04-09,48.851105,"CAVALIER 7.9 WNW, ND US",0.922,METERS,-97.77746
2020-04-13T00:00:00,PRCP,GHCND:US1NDPM0003,",,N,",0.02,361.2,2020-03-16,2021-04-10,48.8736,"WALHALLA 3.6 SSE, ND US",0.9412,METERS,-97.8869
2020-04-13T00:00:00,SNOW,GHCND:US1NDPM0003,",,N,",0.4,361.2,2020-03-16,2021-04-10,48.8736,"WALHALLA 3.6 SSE, ND US",0.9412,METERS,-97.8869
2020-04-13T00:00:00,WESF,GHCND:US1NDPM0003,",,N,",0.0,361.2,2020-03-16,2021-04-10,48.8736,"WALHALLA 3.6 SSE, ND US",0.9412,METERS,-97.8869
2020-04-13T00:00:00,PRCP,GHCND:US1NDPR0006,",,N,",0.0,476.1,2019-03-01,2021-04-08,48.232831,"TOWNER 11.9 SE, ND US",1.0,METERS,-100.214821
2020-04-13T00:00:00,SNOW,GHCND:US1NDPR0006,",,N,",0.0,476.1,2019-03-01,2021-04-08,48.232831,"TOWNER 11.9 SE, ND US",1.0,METERS,-100.214821
2020-04-13T00:00:00,PRCP,GHCND:US1NDRC0014,"T,,N,",0.0,294.1,2017-06-01,2021-04-10,46.25819,"WAHPETON 1.0 SSE, ND US",0.4546,METERS,-96.59853
2020-04-13T00:00:00,PRCP,GHCND:US1NDRL0007,"T,,N,",0.0,663.5,2018-11-24,2021-04-09,48.9188,"DUNSEITH 7.4 N, ND US",0.9965,METERS,-100.0703
2020-04-13T00:00:00,PRCP,GHCND:US1NDRS0002,",,N,",0.0,334.4,2016-04-18,2021-04-10,46.441025,"LISBON 0.5 ENE, ND US",0.9571,METERS,-97.673593
2020-04-13T00:00:00,PRCP,GHCND:US1NDRV0004,"T,,N,",0.0,529.1,2012-04-01,2021-04-10,48.8213807344437,"TOLLEY 6.4 N, ND US",0.7719,METERS,-101.84938788414
2020-04-13T00:00:00,PRCP,GHCND:US1NDSK0003,"T,,N,",0.0,774.2,2011-06-17,2021-04-10,46.890389,"SOUTH HEART 4.9 WNW, ND US",0.4562,METERS,-103.088601
2020-04-13T00:00:00,SNOW,GHCND:US1NDSK0003,",,N,",0.5,774.2,2011-06-17,2021-04-10,46.890389,"SOUTH HEART 4.9 WNW, ND US",0.4562,METERS,-103.088601
2020-04-13T00:00:00,SNWD,GHCND:US1NDSK0003,",,N,",0.5,774.2,2011-06-17,2021-04-10,46.890389,"SOUTH HEART 4.9 WNW, ND US",0.4562,METERS,-103.088601
2020-04-13T00:00:00,PRCP,GHCND:US1NDSK0012,",,N,",0.18,764.1,2012-10-05,2021-04-10,46.8950229138136,"DICKINSON 1.3 WNW, ND US",0.935,METERS,-102.807566151023
2020-04-13T00:00:00,PRCP,GHCND:US1NDSM0012,"T,,N,",0.0,450.8,2018-04-07,2021-04-10,46.68874,"MONTPELIER 3.3 ESE, ND US",0.9836,METERS,-98.519135
2020-04-13T00:00:00,SNOW,GHCND:US1NDSM0012,"T,,N,",0.0,450.8,2018-04-07,2021-04-10,46.68874,"MONTPELIER 3.3 ESE, ND US",0.9836,METERS,-98.519135
2020-04-13T00:00:00,SNWD,GHCND:US1NDSM0012,",,N,",0.0,450.8,2018-04-07,2021-04-10,46.68874,"MONTPELIER 3.3 ESE, ND US",0.9836,METERS,-98.519135
2020-04-13T00:00:00,PRCP,GHCND:US1NDSM0014,",,N,",0.0,472.4,2020-03-10,2021-04-10,47.215688,"PINGREE 5.4 NW, ND US",0.728,METERS,-98.994444
2020-04-13T00:00:00,PRCP,GHCND:US1NDSM0015,",,N,",0.0,426.4,2020-04-13,2021-04-09,46.90736,"JAMESTOWN 0.8 WSW, ND US",1.0,METERS,-98.715491
2020-04-13T00:00:00,SNOW,GHCND:US1NDSM0015,",,N,",0.0,426.4,2020-04-13,2021-04-09,46.90736,"JAMESTOWN 0.8 WSW, ND US",1.0,METERS,-98.715491
2020-04-13T00:00:00,PRCP,GHCND:US1NDST0001,"T,,N,",0.0,342.9,2012-03-21,2021-04-10,47.580227,"HATTON 9.1 WSW, ND US",0.3718,METERS,-97.633656
2020-04-13T00:00:00,SNOW,GHCND:US1NDST0001,"T,,N,",0.0,342.9,2012-03-21,2021-04-10,47.580227,"HATTON 9.1 WSW, ND US",0.3718,METERS,-97.633656
2020-04-13T00:00:00,PRCP,GHCND:US1NDST0003,",,N,",0.04,422.1,2015-05-07,2021-04-09,47.34041667,"HOPE 5.4 WNW, ND US",0.2259,METERS,-97.8326
2020-04-13T00:00:00,SNOW,GHCND:US1NDST0003,",,N,",0.4,422.1,2015-05-07,2021-04-09,47.34041667,"HOPE 5.4 WNW, ND US",0.2259,METERS,-97.8326
2020-04-13T00:00:00,WESF,GHCND:US1NDST0003,",,N,",0.0,422.1,2015-05-07,2021-04-09,47.34041667,"HOPE 5.4 WNW, ND US",0.2259,METERS,-97.8326
2020-04-13T00:00:00,PRCP,GHCND:US1NDTR0003,",,N,",0.02,266.4,2017-03-17,2021-04-10,47.26978,"GRANDIN 7.1 ENE, ND US",0.9603,METERS,-96.85943
2020-04-13T00:00:00,SNOW,GHCND:US1NDTR0003,",,N,",0.2,266.4,2017-03-17,2021-04-10,47.26978,"GRANDIN 7.1 ENE, ND US",0.9603,METERS,-96.85943
2020-04-13T00:00:00,WESF,GHCND:US1NDTR0003,",,N,",0.0,266.4,2017-03-17,2021-04-10,47.26978,"GRANDIN 7.1 ENE, ND US",0.9603,METERS,-96.85943
2020-04-13T00:00:00,PRCP,GHCND:US1NDTR0005,"T,,N,",0.0,296.3,2018-04-12,2021-04-09,47.441146,"MAYVILLE 4.2 SSE, ND US",0.5658,METERS,-97.303546
2020-04-13T00:00:00,PRCP,GHCND:US1NDWR0020,",,N,",0.0,535.2,2017-07-18,2021-04-10,48.212988,"MINOT 1.6 SSW, ND US",0.8877,METERS,-101.309627
2020-04-13T00:00:00,SNOW,GHCND:US1NDWR0020,",,N,",0.0,535.2,2017-07-18,2021-04-10,48.212988,"MINOT 1.6 SSW, ND US",0.8877,METERS,-101.309627
2020-04-13T00:00:00,PRCP,GHCND:USC00320189,",,7,1500",0.0,617.8,1950-05-25,2021-03-29,48.9975,"AMBROSE 3 N, ND US",0.8717,METERS,-103.4877
2020-04-13T00:00:00,PRCP,GHCND:USC00320382,",,7,0800",0.01,613.9,1893-01-01,2021-04-10,46.0405,"ASHLEY, ND US",0.9452,METERS,-99.3741
2020-04-13T00:00:00,SNOW,GHCND:USC00320382,",,7,",0.1,613.9,1893-01-01,2021-04-10,46.0405,"ASHLEY, ND US",0.9452,METERS,-99.3741
2020-04-13T00:00:00,TMAX,GHCND:USC00320382,",,7,0800",33.0,613.9,1893-01-01,2021-04-10,46.0405,"ASHLEY, ND US",0.9452,METERS,-99.3741
2020-04-13T00:00:00,TMIN,GHCND:USC00320382,",,7,0800",17.0,613.9,1893-01-01,2021-04-10,46.0405,"ASHLEY, ND US",0.9452,METERS,-99.3741
2020-04-13T00:00:00,TOBS,GHCND:USC00320382,",,7,0800",17.0,613.9,1893-01-01,2021-04-10,46.0405,"ASHLEY, ND US",0.9452,METERS,-99.3741
2020-04-13T00:00:00,SNOW,GHCND:USC00320626,"T,,7,",0.0,597.4,1945-06-16,2021-04-08,48.8411,"BELCOURT KEYA RADIO, ND US",0.894,METERS,-99.75138
2020-04-13T00:00:00,SNWD,GHCND:USC00320626,",,7,0700",0.0,597.4,1945-06-16,2021-04-08,48.8411,"BELCOURT KEYA RADIO, ND US",0.894,METERS,-99.75138
2020-04-13T00:00:00,TMAX,GHCND:USC00320626,",,7,0700",35.0,597.4,1945-06-16,2021-04-08,48.8411,"BELCOURT KEYA RADIO, ND US",0.894,METERS,-99.75138
2020-04-13T00:00:00,TMIN,GHCND:USC00320626,",,7,0700",12.0,597.4,1945-06-16,2021-04-08,48.8411,"BELCOURT KEYA RADIO, ND US",0.894,METERS,-99.75138
2020-04-13T00:00:00,TOBS,GHCND:USC00320626,",,7,0700",12.0,597.4,1945-06-16,2021-04-08,48.8411,"BELCOURT KEYA RADIO, ND US",0.894,METERS,-99.75138
2020-04-13T00:00:00,PRCP,GHCND:USC00320817,",,N,",0.04,558.1,2007-08-01,2020-10-02,46.8338,"BISMARCK 2.4 NNW, ND US",0.9462,METERS,-100.7969
2020-04-13T00:00:00,SNOW,GHCND:USC00320817,",,N,",0.6,558.1,2007-08-01,2020-10-02,46.8338,"BISMARCK 2.4 NNW, ND US",0.9462,METERS,-100.7969
2020-04-13T00:00:00,SNWD,GHCND:USC00320817,",,N,",0.5,558.1,2007-08-01,2020-10-02,46.8338,"BISMARCK 2.4 NNW, ND US",0.9462,METERS,-100.7969
2020-04-13T00:00:00,PRCP,GHCND:USC00320818,"T,,7,2400",0.0,503.2,2011-10-24,2021-04-09,46.7716,"BISMARCK WEATHER FORECAST OFFICE, ND US",0.9986,METERS,-100.7591
2020-04-13T00:00:00,SNOW,GHCND:USC00320818,"T,,7,",0.0,503.2,2011-10-24,2021-04-09,46.7716,"BISMARCK WEATHER FORECAST OFFICE, ND US",0.9986,METERS,-100.7591
2020-04-13T00:00:00,SNWD,GHCND:USC00320818,"T,,7,2400",0.0,503.2,2011-10-24,2021-04-09,46.7716,"BISMARCK WEATHER FORECAST OFFICE, ND US",0.9986,METERS,-100.7591
2020-04-13T00:00:00,TMAX,GHCND:USC00320818,",,7,2400",34.0,503.2,2011-10-24,2021-04-09,46.7716,"BISMARCK WEATHER FORECAST OFFICE, ND US",0.9986,METERS,-100.7591
2020-04-13T00:00:00,TMIN,GHCND:USC00320818,",,7,2400",20.0,503.2,2011-10-24,2021-04-09,46.7716,"BISMARCK WEATHER FORECAST OFFICE, ND US",0.9986,METERS,-100.7591
2020-04-13T00:00:00,PRCP,GHCND:USC00320941,",,7,0800",0.0,493.5,1893-01-01,2021-04-10,48.8216,"BOTTINEAU, ND US",0.9581,METERS,-100.4527
2020-04-13T00:00:00,SNOW,GHCND:USC00320941,",,7,",0.0,493.5,1893-01-01,2021-04-10,48.8216,"BOTTINEAU, ND US",0.9581,METERS,-100.4527
2020-04-13T00:00:00,TMAX,GHCND:USC00320941,",,7,0800",32.0,493.5,1893-01-01,2021-04-10,48.8216,"BOTTINEAU, ND US",0.9581,METERS,-100.4527
2020-04-13T00:00:00,TMIN,GHCND:USC00320941,",,7,0800",10.0,493.5,1893-01-01,2021-04-10,48.8216,"BOTTINEAU, ND US",0.9581,METERS,-100.4527
2020-04-13T00:00:00,TOBS,GHCND:USC00320941,",,7,0800",17.0,493.5,1893-01-01,2021-04-10,48.8216,"BOTTINEAU, ND US",0.9581,METERS,-100.4527
2020-04-13T00:00:00,PRCP,GHCND:USC00320995,",,7,0800",0.02,909.2,1915-01-02,2021-04-10,46.19361,"BOWMAN, ND US",0.9536,METERS,-103.37138
2020-04-13T00:00:00,SNOW,GHCND:USC00320995,",,7,",0.2,909.2,1915-01-02,2021-04-10,46.19361,"BOWMAN, ND US",0.9536,METERS,-103.37138
2020-04-13T00:00:00,SNWD,GHCND:USC00320995,"T,,7,0800",0.0,909.2,1915-01-02,2021-04-10,46.19361,"BOWMAN, ND US",0.9536,METERS,-103.37138
2020-04-13T00:00:00,TMAX,GHCND:USC00320995,",,7,0800",32.0,909.2,1915-01-02,2021-04-10,46.19361,"BOWMAN, ND US",0.9536,METERS,-103.37138
2020-04-13T00:00:00,TMIN,GHCND:USC00320995,",,7,0800",11.0,909.2,1915-01-02,2021-04-10,46.19361,"BOWMAN, ND US",0.9536,METERS,-103.37138
2020-04-13T00:00:00,TOBS,GHCND:USC00320995,",,7,0800",15.0,909.2,1915-01-02,2021-04-10,46.19361,"BOWMAN, ND US",0.9536,METERS,-103.37138
2020-04-13T00:00:00,PRCP,GHCND:USC00321362,",,7,0800",0.0,475.5,1967-04-19,2021-04-09,47.5088,"CARRINGTON 4 N, ND US",0.9292,METERS,-99.1211
2020-04-13T00:00:00,SNOW,GHCND:USC00321362,",,7,",0.0,475.5,1967-04-19,2021-04-09,47.5088,"CARRINGTON 4 N, ND US",0.9292,METERS,-99.1211
2020-04-13T00:00:00,SNWD,GHCND:USC00321362,",,7,0800",0.0,475.5,1967-04-19,2021-04-09,47.5088,"CARRINGTON 4 N, ND US",0.9292,METERS,-99.1211
2020-04-13T00:00:00,TMAX,GHCND:USC00321362,",,7,0800",32.0,475.5,1967-04-19,2021-04-09,47.5088,"CARRINGTON 4 N, ND US",0.9292,METERS,-99.1211
2020-04-13T00:00:00,TMIN,GHCND:USC00321362,",,7,0800",14.0,475.5,1967-04-19,2021-04-09,47.5088,"CARRINGTON 4 N, ND US",0.9292,METERS,-99.1211
2020-04-13T00:00:00,TOBS,GHCND:USC00321362,",,7,0800",15.0,475.5,1967-04-19,2021-04-09,47.5088,"CARRINGTON 4 N, ND US",0.9292,METERS,-99.1211
2020-04-13T00:00:00,WESD,GHCND:USC00321362,",,7,0800",0.0,475.5,1967-04-19,2021-04-09,47.5088,"CARRINGTON 4 N, ND US",0.9292,METERS,-99.1211
2020-04-13T00:00:00,PRCP,GHCND:USC00321408,",,7,0800",0.0,285.0,1984-05-01,2021-04-10,46.8769,"CASSELTON AGRONOMY FARM, ND US",0.9761,METERS,-97.2328
2020-04-13T00:00:00,TMAX,GHCND:USC00321408,",,7,0800",33.0,285.0,1984-05-01,2021-04-10,46.8769,"CASSELTON AGRONOMY FARM, ND US",0.9761,METERS,-97.2328
2020-04-13T00:00:00,TMIN,GHCND:USC00321408,",,7,0800",21.0,285.0,1984-05-01,2021-04-10,46.8769,"CASSELTON AGRONOMY FARM, ND US",0.9761,METERS,-97.2328
2020-04-13T00:00:00,TOBS,GHCND:USC00321408,",,7,0800",22.0,285.0,1984-05-01,2021-04-10,46.8769,"CASSELTON AGRONOMY FARM, ND US",0.9761,METERS,-97.2328
2020-04-13T00:00:00,PRCP,GHCND:USC00321435,"T,,7,0700",0.0,274.0,1927-08-01,2021-04-10,48.8624,"CAVALIER 7 NW, ND US",0.9428,METERS,-97.7015
2020-04-13T00:00:00,SNOW,GHCND:USC00321435,",,7,",0.1,274.0,1927-08-01,2021-04-10,48.8624,"CAVALIER 7 NW, ND US",0.9428,METERS,-97.7015
2020-04-13T00:00:00,SNWD,GHCND:USC00321435,"T,,7,0700",0.0,274.0,1927-08-01,2021-04-10,48.8624,"CAVALIER 7 NW, ND US",0.9428,METERS,-97.7015
2020-04-13T00:00:00,TMAX,GHCND:USC00321435,",,7,0700",33.0,274.0,1927-08-01,2021-04-10,48.8624,"CAVALIER 7 NW, ND US",0.9428,METERS,-97.7015
2020-04-13T00:00:00,TMIN,GHCND:USC00321435,",,7,0700",16.0,274.0,1927-08-01,2021-04-10,48.8624,"CAVALIER 7 NW, ND US",0.9428,METERS,-97.7015
2020-04-13T00:00:00,TOBS,GHCND:USC00321435,",,7,0700",17.0,274.0,1927-08-01,2021-04-10,48.8624,"CAVALIER 7 NW, ND US",0.9428,METERS,-97.7015
2020-04-13T00:00:00,PRCP,GHCND:USC00321456,",,7,2400",0.0,606.6,1938-04-01,2021-02-28,47.0644,"CENTER 4 SE, ND US",0.9361,METERS,-101.2119
2020-04-13T00:00:00,SNWD,GHCND:USC00321456,",,7,",0.0,606.6,1938-04-01,2021-02-28,47.0644,"CENTER 4 SE, ND US",0.9361,METERS,-101.2119
2020-04-13T00:00:00,TMAX,GHCND:USC00321456,",,7,2400",23.0,606.6,1938-04-01,2021-02-28,47.0644,"CENTER 4 SE, ND US",0.9361,METERS,-101.2119
2020-04-13T00:00:00,TMIN,GHCND:USC00321456,",,7,2400",12.0,606.6,1938-04-01,2021-02-28,47.0644,"CENTER 4 SE, ND US",0.9361,METERS,-101.2119
2020-04-13T00:00:00,TOBS,GHCND:USC00321456,",,7,2400",16.0,606.6,1938-04-01,2021-02-28,47.0644,"CENTER 4 SE, ND US",0.9361,METERS,-101.2119
2020-04-13T00:00:00,PRCP,GHCND:USC00321477,",,7,0800",0.0,290.5,1962-12-01,2021-02-28,46.7958,"CHAFFEE 5 NE, ND US",0.9886,METERS,-97.2686
2020-04-13T00:00:00,SNOW,GHCND:USC00321477,",,7,",0.0,290.5,1962-12-01,2021-02-28,46.7958,"CHAFFEE 5 NE, ND US",0.9886,METERS,-97.2686
2020-04-13T00:00:00,PRCP,GHCND:USC00321816,"T,,7,0900",0.0,464.5,1930-07-01,2021-02-28,47.24,"COURTENAY 1 NW, ND US",0.9623,METERS,-98.58472
2020-04-13T00:00:00,SNOW,GHCND:USC00321816,"T,,7,",0.0,464.5,1930-07-01,2021-02-28,47.24,"COURTENAY 1 NW, ND US",0.9623,METERS,-98.58472
2020-04-13T00:00:00,SNWD,GHCND:USC00321816,"T,,7,",0.0,464.5,1930-07-01,2021-02-28,47.24,"COURTENAY 1 NW, ND US",0.9623,METERS,-98.58472
2020-04-13T00:00:00,PRCP,GHCND:USC00321871,",,7,1800",0.0,597.1,1907-04-03,2021-04-09,48.9144,"CROSBY, ND US",0.9779,METERS,-103.2977
2020-04-13T00:00:00,SNOW,GHCND:USC00321871,",,7,",0.0,597.1,1907-04-03,2021-04-09,48.9144,"CROSBY, ND US",0.9779,METERS,-103.2977
2020-04-13T00:00:00,TMAX,GHCND:USC00321871,",,7,1800",27.0,597.1,1907-04-03,2021-04-09,48.9144,"CROSBY, ND US",0.9779,METERS,-103.2977
2020-04-13T00:00:00,TMIN,GHCND:USC00321871,",,7,1800",10.0,597.1,1907-04-03,2021-04-09,48.9144,"CROSBY, ND US",0.9779,METERS,-103.2977
2020-04-13T00:00:00,TOBS,GHCND:USC00321871,",,7,1800",17.0,597.1,1907-04-03,2021-04-09,48.9144,"CROSBY, ND US",0.9779,METERS,-103.2977
2020-04-13T00:00:00,PRCP,GHCND:USC00322148,",,H,",0.0,439.2,2019-01-01,2021-04-09,48.11667,"DEVILS LAKE MUNICIPAL AIRPORT, ND US",0.9976,METERS,-98.9
2020-04-13T00:00:00,TMAX,GHCND:USC00322148,",,H,",23.0,439.2,2019-01-01,2021-04-09,48.11667,"DEVILS LAKE MUNICIPAL AIRPORT, ND US",0.9976,METERS,-98.9
2020-04-13T00:00:00,TMIN,GHCND:USC00322148,",,H,",15.0,439.2,2019-01-01,2021-04-09,48.11667,"DEVILS LAKE MUNICIPAL AIRPORT, ND US",0.9976,METERS,-98.9
2020-04-13T00:00:00,PRCP,GHCND:USC00322188,",,7,0800",0.13,749.8,1893-01-01,2021-04-10,46.89138,"DICKINSON, ND US",0.9319,METERS,-102.77916
2020-04-13T00:00:00,SNOW,GHCND:USC00322188,",,7,",1.6,749.8,1893-01-01,2021-04-10,46.89138,"DICKINSON, ND US",0.9319,METERS,-102.77916
2020-04-13T00:00:00,SNWD,GHCND:USC00322188,",,7,0800",2.0,749.8,1893-01-01,2021-04-10,46.89138,"DICKINSON, ND US",0.9319,METERS,-102.77916
2020-04-13T00:00:00,WESD,GHCND:USC00322188,",,7,0800",0.1,749.8,1893-01-01,2021-04-10,46.89138,"DICKINSON, ND US",0.9319,METERS,-102.77916
2020-04-13T00:00:00,PRCP,GHCND:USC00322193,",,7,0800",0.05,725.4,1981-06-01,2021-04-09,47.1944,"DICKINSON RANCH HQ, ND US",0.9945,METERS,-102.8413
2020-04-13T00:00:00,SNOW,GHCND:USC00322193,",,7,",1.0,725.4,1981-06-01,2021-04-09,47.1944,"DICKINSON RANCH HQ, ND US",0.9945,METERS,-102.8413
2020-04-13T00:00:00,TMAX,GHCND:USC00322193,",,7,0800",32.0,725.4,1981-06-01,2021-04-09,47.1944,"DICKINSON RANCH HQ, ND US",0.9945,METERS,-102.8413
2020-04-13T00:00:00,TMIN,GHCND:USC00322193,",,7,0800",8.0,725.4,1981-06-01,2021-04-09,47.1944,"DICKINSON RANCH HQ, ND US",0.9945,METERS,-102.8413
2020-04-13T00:00:00,TOBS,GHCND:USC00322193,",,7,0800",16.0,725.4,1981-06-01,2021-04-09,47.1944,"DICKINSON RANCH HQ, ND US",0.9945,METERS,-102.8413
2020-04-13T00:00:00,PRCP,GHCND:USC00322304,"T,,7,0800",0.0,471.5,1964-08-02,2021-02-28,48.04861,"DRAKE 9 NE, ND US",0.9894,METERS,-100.30944
2020-04-13T00:00:00,SNOW,GHCND:USC00322304,",,7,",0.0,471.5,1964-08-02,2021-02-28,48.04861,"DRAKE 9 NE, ND US",0.9894,METERS,-100.30944
2020-04-13T00:00:00,SNWD,GHCND:USC00322304,",,7,0800",0.0,471.5,1964-08-02,2021-02-28,48.04861,"DRAKE 9 NE, ND US",0.9894,METERS,-100.30944
2020-04-13T00:00:00,TMAX,GHCND:USC00322304,",,7,0800",35.0,471.5,1964-08-02,2021-02-28,48.04861,"DRAKE 9 NE, ND US",0.9894,METERS,-100.30944
2020-04-13T00:00:00,TMIN,GHCND:USC00322304,",,7,0800",13.0,471.5,1964-08-02,2021-02-28,48.04861,"DRAKE 9 NE, ND US",0.9894,METERS,-100.30944
2020-04-13T00:00:00,TOBS,GHCND:USC00322304,",,7,0800",13.0,471.5,1964-08-02,2021-02-28,48.04861,"DRAKE 9 NE, ND US",0.9894,METERS,-100.30944
2020-04-13T00:00:00,PRCP,GHCND:USC00322365,",,7,0800",0.12,666.6,1918-01-01,2021-04-10,47.3466,"DUNN CENTER 1 E, ND US",0.8954,METERS,-102.5869
2020-04-13T00:00:00,SNOW,GHCND:USC00322365,",,7,",1.2,666.6,1918-01-01,2021-04-10,47.3466,"DUNN CENTER 1 E, ND US",0.8954,METERS,-102.5869
2020-04-13T00:00:00,TMAX,GHCND:USC00322365,",,7,0800",35.0,666.6,1918-01-01,2021-04-10,47.3466,"DUNN CENTER 1 E, ND US",0.8954,METERS,-102.5869
2020-04-13T00:00:00,TMIN,GHCND:USC00322365,",,7,0800",6.0,666.6,1918-01-01,2021-04-10,47.3466,"DUNN CENTER 1 E, ND US",0.8954,METERS,-102.5869
2020-04-13T00:00:00,TOBS,GHCND:USC00322365,",,7,0800",12.0,666.6,1918-01-01,2021-04-10,47.3466,"DUNN CENTER 1 E, ND US",0.8954,METERS,-102.5869
2020-04-13T00:00:00,PRCP,GHCND:USC00322588,",,7,0700",0.0,731.5,1982-09-01,2021-02-28,46.4088,"ELGIN, ND US",0.9505,METERS,-101.8419
2020-04-13T00:00:00,SNOW,GHCND:USC00322588,",,7,",0.0,731.5,1982-09-01,2021-02-28,46.4088,"ELGIN, ND US",0.9505,METERS,-101.8419
2020-04-13T00:00:00,PRCP,GHCND:USC00322695,",,7,1800",0.0,354.8,1952-04-01,2021-02-28,46.6166,"ENDERLIN 2 W, ND US",0.841,METERS,-97.6388
2020-04-13T00:00:00,SNOW,GHCND:USC00322695,",,7,",0.0,354.8,1952-04-01,2021-02-28,46.6166,"ENDERLIN 2 W, ND US",0.841,METERS,-97.6388
2020-04-13T00:00:00,TMAX,GHCND:USC00322695,",,7,1800",32.0,354.8,1952-04-01,2021-02-28,46.6166,"ENDERLIN 2 W, ND US",0.841,METERS,-97.6388
2020-04-13T00:00:00,TMIN,GHCND:USC00322695,",,7,1800",17.0,354.8,1952-04-01,2021-02-28,46.6166,"ENDERLIN 2 W, ND US",0.841,METERS,-97.6388
2020-04-13T00:00:00,TOBS,GHCND:USC00322695,",,7,1800",28.0,354.8,1952-04-01,2021-02-28,46.6166,"ENDERLIN 2 W, ND US",0.841,METERS,-97.6388
2020-04-13T00:00:00,PRCP,GHCND:USC00322768,"T,,7,0700",0.0,497.4,2013-05-10,2021-01-27,48.1582,"ESMOND 9 NNW, ND US",0.8933,METERS,-99.8285
2020-04-13T00:00:00,SNOW,GHCND:USC00322768,"T,,7,",0.0,497.4,2013-05-10,2021-01-27,48.1582,"ESMOND 9 NNW, ND US",0.8933,METERS,-99.8285
2020-04-13T00:00:00,TMAX,GHCND:USC00322768,",,7,0700",35.0,497.4,2013-05-10,2021-01-27,48.1582,"ESMOND 9 NNW, ND US",0.8933,METERS,-99.8285
2020-04-13T00:00:00,TMIN,GHCND:USC00322768,",,7,0700",12.0,497.4,2013-05-10,2021-01-27,48.1582,"ESMOND 9 NNW, ND US",0.8933,METERS,-99.8285
2020-04-13T00:00:00,TOBS,GHCND:USC00322768,",,7,0700",19.0,497.4,2013-05-10,2021-01-27,48.1582,"ESMOND 9 NNW, ND US",0.8933,METERS,-99.8285
2020-04-13T00:00:00,PRCP,GHCND:USC00322860,",,7,2400",0.01,276.8,2013-06-26,2021-04-09,46.8293,"FARGO 3 S, ND US",0.9937,METERS,-96.7962
2020-04-13T00:00:00,SNOW,GHCND:USC00322860,",,7,",0.1,276.8,2013-06-26,2021-04-09,46.8293,"FARGO 3 S, ND US",0.9937,METERS,-96.7962
2020-04-13T00:00:00,SNWD,GHCND:USC00322860,",,7,2400",0.0,276.8,2013-06-26,2021-04-09,46.8293,"FARGO 3 S, ND US",0.9937,METERS,-96.7962
2020-04-13T00:00:00,TMAX,GHCND:USC00322860,",,7,2400",29.0,276.8,2013-06-26,2021-04-09,46.8293,"FARGO 3 S, ND US",0.9937,METERS,-96.7962
2020-04-13T00:00:00,TMIN,GHCND:USC00322860,",,7,2400",14.0,276.8,2013-06-26,2021-04-09,46.8293,"FARGO 3 S, ND US",0.9937,METERS,-96.7962
2020-04-13T00:00:00,TOBS,GHCND:USC00322860,",,7,2400",15.0,276.8,2013-06-26,2021-04-09,46.8293,"FARGO 3 S, ND US",0.9937,METERS,-96.7962
2020-04-13T00:00:00,PRCP,GHCND:USC00323117,"T,,7,0800",0.0,381.0,1893-01-01,2020-12-31,46.0333,"FORMAN 5 SSE, ND US",0.92,METERS,-97.595
2020-04-13T00:00:00,SNOW,GHCND:USC00323117,"T,,7,",0.0,381.0,1893-01-01,2020-12-31,46.0333,"FORMAN 5 SSE, ND US",0.92,METERS,-97.595
2020-04-13T00:00:00,TMAX,GHCND:USC00323117,",,7,0800",32.0,381.0,1893-01-01,2020-12-31,46.0333,"FORMAN 5 SSE, ND US",0.92,METERS,-97.595
2020-04-13T00:00:00,TMIN,GHCND:USC00323117,",,7,0800",20.0,381.0,1893-01-01,2020-12-31,46.0333,"FORMAN 5 SSE, ND US",0.92,METERS,-97.595
2020-04-13T00:00:00,PRCP,GHCND:USC00323196,",,7,0800",0.0,716.3,1963-10-01,2021-02-28,48.908,"FORTUNA 1 W, ND US",0.9554,METERS,-103.8055
2020-04-13T00:00:00,SNOW,GHCND:USC00323196,",,7,",0.0,716.3,1963-10-01,2021-02-28,48.908,"FORTUNA 1 W, ND US",0.9554,METERS,-103.8055
2020-04-13T00:00:00,TMAX,GHCND:USC00323196,",,7,0800",36.0,716.3,1963-10-01,2021-02-28,48.908,"FORTUNA 1 W, ND US",0.9554,METERS,-103.8055
2020-04-13T00:00:00,TMIN,GHCND:USC00323196,",,7,0800",9.0,716.3,1963-10-01,2021-02-28,48.908,"FORTUNA 1 W, ND US",0.9554,METERS,-103.8055
2020-04-13T00:00:00,TOBS,GHCND:USC00323196,",,7,0800",14.0,716.3,1963-10-01,2021-02-28,48.908,"FORTUNA 1 W, ND US",0.9554,METERS,-103.8055
2020-04-13T00:00:00,PRCP,GHCND:USC00323206,",,7,0730",0.0,494.7,2006-02-01,2021-04-09,46.08972,"FORT YATES, ND US",0.3624,METERS,-100.66194
2020-04-13T00:00:00,SNOW,GHCND:USC00323206,",,7,",0.0,494.7,2006-02-01,2021-04-09,46.08972,"FORT YATES, ND US",0.3624,METERS,-100.66194
2020-04-13T00:00:00,SNWD,GHCND:USC00323206,",,7,0730",0.0,494.7,2006-02-01,2021-04-09,46.08972,"FORT YATES, ND US",0.3624,METERS,-100.66194
2020-04-13T00:00:00,PRCP,GHCND:USC00323217,"T,,7,0700",0.0,510.5,1897-07-01,2021-03-16,48.4583,"FOXHOLM 7 N, ND US",0.779,METERS,-101.5697
2020-04-13T00:00:00,SNOW,GHCND:USC00323217,"T,,7,",0.0,510.5,1897-07-01,2021-03-16,48.4583,"FOXHOLM 7 N, ND US",0.779,METERS,-101.5697
2020-04-13T00:00:00,TMAX,GHCND:USC00323217,",,7,0700",35.0,510.5,1897-07-01,2021-03-16,48.4583,"FOXHOLM 7 N, ND US",0.779,METERS,-101.5697
2020-04-13T00:00:00,TMIN,GHCND:USC00323217,",,7,0700",15.0,510.5,1897-07-01,2021-03-16,48.4583,"FOXHOLM 7 N, ND US",0.779,METERS,-101.5697
2020-04-13T00:00:00,PRCP,GHCND:USC00323287,",,7,1800",0.1,437.4,1898-01-01,2021-03-31,46.15833,"FULLERTON 1 ESE, ND US",0.9869,METERS,-98.39888
2020-04-13T00:00:00,SNWD,GHCND:USC00323287,",,7,1800",0.0,437.4,1898-01-01,2021-03-31,46.15833,"FULLERTON 1 ESE, ND US",0.9869,METERS,-98.39888
2020-04-13T00:00:00,TMAX,GHCND:USC00323287,",,7,1800",26.0,437.4,1898-01-01,2021-03-31,46.15833,"FULLERTON 1 ESE, ND US",0.9869,METERS,-98.39888
2020-04-13T00:00:00,TMIN,GHCND:USC00323287,",,7,1800",22.0,437.4,1898-01-01,2021-03-31,46.15833,"FULLERTON 1 ESE, ND US",0.9869,METERS,-98.39888
2020-04-13T00:00:00,TOBS,GHCND:USC00323287,",,7,1800",24.0,437.4,1898-01-01,2021-03-31,46.15833,"FULLERTON 1 ESE, ND US",0.9869,METERS,-98.39888
2020-04-13T00:00:00,PRCP,GHCND:USC00323376,",,7,0700",0.02,588.9,1948-07-01,2021-04-08,47.6538,"GARRISON, ND US",0.9358,METERS,-101.4198
2020-04-13T00:00:00,SNOW,GHCND:USC00323376,",,7,",0.5,588.9,1948-07-01,2021-04-08,47.6538,"GARRISON, ND US",0.9358,METERS,-101.4198
2020-04-13T00:00:00,TMAX,GHCND:USC00323376,",,7,0700",36.0,588.9,1948-07-01,2021-04-08,47.6538,"GARRISON, ND US",0.9358,METERS,-101.4198
2020-04-13T00:00:00,TMIN,GHCND:USC00323376,",,7,0700",9.0,588.9,1948-07-01,2021-04-08,47.6538,"GARRISON, ND US",0.9358,METERS,-101.4198
2020-04-13T00:00:00,TOBS,GHCND:USC00323376,",,7,0700",12.0,588.9,1948-07-01,2021-04-08,47.6538,"GARRISON, ND US",0.9358,METERS,-101.4198
2020-04-13T00:00:00,PRCP,GHCND:USC00323529,",,7,0800",0.0,566.9,1950-08-01,2021-02-28,47.155,"GOLDEN VALLEY 9 S, ND US",0.5792,METERS,-102.0706
2020-04-13T00:00:00,PRCP,GHCND:USC00323621,",,7,2400",0.05,253.0,1893-01-01,2021-04-10,47.92172,"GRAND FORKS UNIVERSITY NWS, ND US",0.9789,METERS,-97.0975
2020-04-13T00:00:00,SNOW,GHCND:USC00323621,",,7,",0.9,253.0,1893-01-01,2021-04-10,47.92172,"GRAND FORKS UNIVERSITY NWS, ND US",0.9789,METERS,-97.0975
2020-04-13T00:00:00,SNWD,GHCND:USC00323621,",,7,2400",0.0,253.0,1893-01-01,2021-04-10,47.92172,"GRAND FORKS UNIVERSITY NWS, ND US",0.9789,METERS,-97.0975
2020-04-13T00:00:00,TMAX,GHCND:USC00323621,",,7,2400",27.0,253.0,1893-01-01,2021-04-10,47.92172,"GRAND FORKS UNIVERSITY NWS, ND US",0.9789,METERS,-97.0975
2020-04-13T00:00:00,TMIN,GHCND:USC00323621,",,7,2400",17.0,253.0,1893-01-01,2021-04-10,47.92172,"GRAND FORKS UNIVERSITY NWS, ND US",0.9789,METERS,-97.0975
2020-04-13T00:00:00,TOBS,GHCND:USC00323621,",,7,2400",17.0,253.0,1893-01-01,2021-04-10,47.92172,"GRAND FORKS UNIVERSITY NWS, ND US",0.9789,METERS,-97.0975
2020-04-13T00:00:00,PRCP,GHCND:USC00323705,",,7,1700",0.13,813.8,1987-08-01,2021-02-28,47.4011,"GRASSY BUTTE 2 ENE, ND US",0.9971,METERS,-103.2072
2020-04-13T00:00:00,SNOW,GHCND:USC00323705,",,7,",2.4,813.8,1987-08-01,2021-02-28,47.4011,"GRASSY BUTTE 2 ENE, ND US",0.9971,METERS,-103.2072
2020-04-13T00:00:00,SNWD,GHCND:USC00323705,",,7,1700",2.0,813.8,1987-08-01,2021-02-28,47.4011,"GRASSY BUTTE 2 ENE, ND US",0.9971,METERS,-103.2072
2020-04-13T00:00:00,TMAX,GHCND:USC00323705,",,7,1700",26.0,813.8,1987-08-01,2021-02-28,47.4011,"GRASSY BUTTE 2 ENE, ND US",0.9971,METERS,-103.2072
2020-04-13T00:00:00,TMIN,GHCND:USC00323705,",,7,1700",3.0,813.8,1987-08-01,2021-02-28,47.4011,"GRASSY BUTTE 2 ENE, ND US",0.9971,METERS,-103.2072
2020-04-13T00:00:00,TOBS,GHCND:USC00323705,",,7,1700",17.0,813.8,1987-08-01,2021-02-28,47.4011,"GRASSY BUTTE 2 ENE, ND US",0.9971,METERS,-103.2072
2020-04-13T00:00:00,PRCP,GHCND:USC00324013,",,7,0800",0.0,491.0,1942-05-25,2021-02-28,47.8083,"HARVEY 4 NE, ND US",0.8307,METERS,-99.8758
2020-04-13T00:00:00,SNOW,GHCND:USC00324013,",,7,",0.0,491.0,1942-05-25,2021-02-28,47.8083,"HARVEY 4 NE, ND US",0.8307,METERS,-99.8758
2020-04-13T00:00:00,TMAX,GHCND:USC00324013,",,7,0800",25.0,491.0,1942-05-25,2021-02-28,47.8083,"HARVEY 4 NE, ND US",0.8307,METERS,-99.8758
2020-04-13T00:00:00,TMIN,GHCND:USC00324013,",,7,0800",12.0,491.0,1942-05-25,2021-02-28,47.8083,"HARVEY 4 NE, ND US",0.8307,METERS,-99.8758
2020-04-13T00:00:00,PRCP,GHCND:USC00324083,",,7,0700",0.09,604.1,1948-08-01,2021-04-09,46.5203,"HAZELTON 4 NW, ND US",0.4168,METERS,-100.3478
2020-04-13T00:00:00,SNOW,GHCND:USC00324083,",,7,",2.6,604.1,1948-08-01,2021-04-09,46.5203,"HAZELTON 4 NW, ND US",0.4168,METERS,-100.3478
2020-04-13T00:00:00,SNWD,GHCND:USC00324083,",,7,0700",3.0,604.1,1948-08-01,2021-04-09,46.5203,"HAZELTON 4 NW, ND US",0.4168,METERS,-100.3478
2020-04-13T00:00:00,TMAX,GHCND:USC00324083,",,7,0700",33.0,604.1,1948-08-01,2021-04-09,46.5203,"HAZELTON 4 NW, ND US",0.4168,METERS,-100.3478
2020-04-13T00:00:00,TMIN,GHCND:USC00324083,",,7,0700",9.0,604.1,1948-08-01,2021-04-09,46.5203,"HAZELTON 4 NW, ND US",0.4168,METERS,-100.3478
2020-04-13T00:00:00,TOBS,GHCND:USC00324083,",,7,0700",9.0,604.1,1948-08-01,2021-04-09,46.5203,"HAZELTON 4 NW, ND US",0.4168,METERS,-100.3478
2020-04-13T00:00:00,PRCP,GHCND:USC00324091,",,7,0700",0.01,650.4,1984-09-01,2021-04-10,46.5916,"HEART BUTTE DAM, ND US",0.9841,METERS,-101.8074
2020-04-13T00:00:00,SNOW,GHCND:USC00324091,",,7,",0.1,650.4,1984-09-01,2021-04-10,46.5916,"HEART BUTTE DAM, ND US",0.9841,METERS,-101.8074
2020-04-13T00:00:00,TMAX,GHCND:USC00324091,",,7,0700",32.0,650.4,1984-09-01,2021-04-10,46.5916,"HEART BUTTE DAM, ND US",0.9841,METERS,-101.8074
2020-04-13T00:00:00,TMIN,GHCND:USC00324091,",,7,0700",11.0,650.4,1984-09-01,2021-04-10,46.5916,"HEART BUTTE DAM, ND US",0.9841,METERS,-101.8074
2020-04-13T00:00:00,TOBS,GHCND:USC00324091,",,7,0700",13.0,650.4,1984-09-01,2021-04-10,46.5916,"HEART BUTTE DAM, ND US",0.9841,METERS,-101.8074
2020-04-13T00:00:00,PRCP,GHCND:USC00324102,",,7,0700",0.13,658.4,1963-10-01,2021-02-28,46.9075,"HEBRON, ND US",0.8835,METERS,-102.0382
2020-04-13T00:00:00,SNOW,GHCND:USC00324102,",,7,",2.0,658.4,1963-10-01,2021-02-28,46.9075,"HEBRON, ND US",0.8835,METERS,-102.0382
2020-04-13T00:00:00,TMAX,GHCND:USC00324102,",,7,0700",33.0,658.4,1963-10-01,2021-02-28,46.9075,"HEBRON, ND US",0.8835,METERS,-102.0382
2020-04-13T00:00:00,TMIN,GHCND:USC00324102,",,7,0700",7.0,658.4,1963-10-01,2021-02-28,46.9075,"HEBRON, ND US",0.8835,METERS,-102.0382
2020-04-13T00:00:00,TOBS,GHCND:USC00324102,",,7,0700",10.0,658.4,1963-10-01,2021-02-28,46.9075,"HEBRON, ND US",0.8835,METERS,-102.0382
2020-04-13T00:00:00,PRCP,GHCND:USC00324180,"T,,7,0800",0.0,823.9,2001-07-01,2021-02-28,46.0044,"HETTINGER EXPERIMENTAL STATION, ND US",0.9076,METERS,-102.6472
2020-04-13T00:00:00,SNOW,GHCND:USC00324180,",,7,",0.5,823.9,2001-07-01,2021-02-28,46.0044,"HETTINGER EXPERIMENTAL STATION, ND US",0.9076,METERS,-102.6472
2020-04-13T00:00:00,TMAX,GHCND:USC00324180,",,7,0800",47.0,823.9,2001-07-01,2021-02-28,46.0044,"HETTINGER EXPERIMENTAL STATION, ND US",0.9076,METERS,-102.6472
2020-04-13T00:00:00,TMIN,GHCND:USC00324180,",,7,0800",6.0,823.9,2001-07-01,2021-02-28,46.0044,"HETTINGER EXPERIMENTAL STATION, ND US",0.9076,METERS,-102.6472
2020-04-13T00:00:00,TOBS,GHCND:USC00324180,",,7,0800",18.0,823.9,2001-07-01,2021-02-28,46.0044,"HETTINGER EXPERIMENTAL STATION, ND US",0.9076,METERS,-102.6472
2020-04-13T00:00:00,PRCP,GHCND:USC00324418,",,7,0600",0.0,447.1,1881-06-21,2021-04-10,46.8844,"JAMESTOWN STATE HOSPITAL, ND US",0.9036,METERS,-98.685
2020-04-13T00:00:00,SNOW,GHCND:USC00324418,",,7,",0.0,447.1,1881-06-21,2021-04-10,46.8844,"JAMESTOWN STATE HOSPITAL, ND US",0.9036,METERS,-98.685
2020-04-13T00:00:00,SNWD,GHCND:USC00324418,",,7,0600",0.0,447.1,1881-06-21,2021-04-10,46.8844,"JAMESTOWN STATE HOSPITAL, ND US",0.9036,METERS,-98.685
2020-04-13T00:00:00,TMAX,GHCND:USC00324418,",,7,0600",32.0,447.1,1881-06-21,2021-04-10,46.8844,"JAMESTOWN STATE HOSPITAL, ND US",0.9036,METERS,-98.685
2020-04-13T00:00:00,TMIN,GHCND:USC00324418,",,7,0600",20.0,447.1,1881-06-21,2021-04-10,46.8844,"JAMESTOWN STATE HOSPITAL, ND US",0.9036,METERS,-98.685
2020-04-13T00:00:00,TOBS,GHCND:USC00324418,",,7,0600",20.0,447.1,1881-06-21,2021-04-10,46.8844,"JAMESTOWN STATE HOSPITAL, ND US",0.9036,METERS,-98.685
2020-04-13T00:00:00,PRCP,GHCND:USC00324571,"T,,7,1700",0.0,752.9,1950-08-02,2021-02-28,47.8966,"KEENE 3 S, ND US",0.9281,METERS,-102.9208
2020-04-13T00:00:00,TMAX,GHCND:USC00324571,",,7,1700",28.0,752.9,1950-08-02,2021-02-28,47.8966,"KEENE 3 S, ND US",0.9281,METERS,-102.9208
2020-04-13T00:00:00,TMIN,GHCND:USC00324571,",,7,1700",6.0,752.9,1950-08-02,2021-02-28,47.8966,"KEENE 3 S, ND US",0.9281,METERS,-102.9208
2020-04-13T00:00:00,TOBS,GHCND:USC00324571,",,7,1700",18.0,752.9,1950-08-02,2021-02-28,47.8966,"KEENE 3 S, ND US",0.9281,METERS,-102.9208
2020-04-13T00:00:00,PRCP,GHCND:USC00324646,",D,7,0800",0.0,551.7,1932-07-01,2021-02-28,48.6691,"KENMARE 1 WSW, ND US",0.9067,METERS,-102.0975
2020-04-13T00:00:00,SNOW,GHCND:USC00324646,",D,7,",0.0,551.7,1932-07-01,2021-02-28,48.6691,"KENMARE 1 WSW, ND US",0.9067,METERS,-102.0975
2020-04-13T00:00:00,TMAX,GHCND:USC00324646,",,7,0800",22.0,551.7,1932-07-01,2021-02-28,48.6691,"KENMARE 1 WSW, ND US",0.9067,METERS,-102.0975
2020-04-13T00:00:00,TMIN,GHCND:USC00324646,",,7,0800",10.0,551.7,1932-07-01,2021-02-28,48.6691,"KENMARE 1 WSW, ND US",0.9067,METERS,-102.0975
2020-04-13T00:00:00,PRCP,GHCND:USC00324722,",,7,0900",0.1,704.1,1998-06-17,2021-04-10,47.3714,"KILLDEER, ND US",0.9581,METERS,-102.7605
2020-04-13T00:00:00,SNOW,GHCND:USC00324722,",,7,",1.3,704.1,1998-06-17,2021-04-10,47.3714,"KILLDEER, ND US",0.9581,METERS,-102.7605
2020-04-13T00:00:00,SNWD,GHCND:USC00324722,",,7,0900",1.0,704.1,1998-06-17,2021-04-10,47.3714,"KILLDEER, ND US",0.9581,METERS,-102.7605
2020-04-13T00:00:00,TMAX,GHCND:USC00324722,",,7,0900",38.0,704.1,1998-06-17,2021-04-10,47.3714,"KILLDEER, ND US",0.9581,METERS,-102.7605
2020-04-13T00:00:00,TMIN,GHCND:USC00324722,",,7,0900",3.0,704.1,1998-06-17,2021-04-10,47.3714,"KILLDEER, ND US",0.9581,METERS,-102.7605
2020-04-13T00:00:00,TOBS,GHCND:USC00324722,",,7,0900",17.0,704.1,1998-06-17,2021-04-10,47.3714,"KILLDEER, ND US",0.9581,METERS,-102.7605
2020-04-13T00:00:00,WESD,GHCND:USC00324722,",,N,0900",0.1,704.1,1998-06-17,2021-04-10,47.3714,"KILLDEER, ND US",0.9581,METERS,-102.7605
2020-04-13T00:00:00,WESF,GHCND:USC00324722,",,N,",0.1,704.1,1998-06-17,2021-04-10,47.3714,"KILLDEER, ND US",0.9581,METERS,-102.7605
2020-04-13T00:00:00,DAPR,GHCND:USC00324879,",,7,",6.0,652.9,1979-02-05,2021-04-05,48.9797,"LAKE METIGOSHE STATE PARK, ND US",0.8414,METERS,-100.3344
2020-04-13T00:00:00,MDPR,GHCND:USC00324879,",,7,",0.01,652.9,1979-02-05,2021-04-05,48.9797,"LAKE METIGOSHE STATE PARK, ND US",0.8414,METERS,-100.3344
2020-04-13T00:00:00,SNOW,GHCND:USC00324879,",,7,",0.8,652.9,1979-02-05,2021-04-05,48.9797,"LAKE METIGOSHE STATE PARK, ND US",0.8414,METERS,-100.3344
2020-04-13T00:00:00,SNWD,GHCND:USC00324879,",,7,0800",0.0,652.9,1979-02-05,2021-04-05,48.9797,"LAKE METIGOSHE STATE PARK, ND US",0.8414,METERS,-100.3344
2020-04-13T00:00:00,TMAX,GHCND:USC00324879,",,7,0800",29.0,652.9,1979-02-05,2021-04-05,48.9797,"LAKE METIGOSHE STATE PARK, ND US",0.8414,METERS,-100.3344
2020-04-13T00:00:00,TMIN,GHCND:USC00324879,",,7,0800",10.0,652.9,1979-02-05,2021-04-05,48.9797,"LAKE METIGOSHE STATE PARK, ND US",0.8414,METERS,-100.3344
2020-04-13T00:00:00,TOBS,GHCND:USC00324879,",,7,0800",10.0,652.9,1979-02-05,2021-04-05,48.9797,"LAKE METIGOSHE STATE PARK, ND US",0.8414,METERS,-100.3344
2020-04-13T00:00:00,DAPR,GHCND:USC00324937,",,7,",4.0,406.6,1948-07-01,2021-04-09,46.3625,"LA MOURE, ND US",0.737,METERS,-98.29194
2020-04-13T00:00:00,MDPR,GHCND:USC00324937,",,7,",0.0,406.6,1948-07-01,2021-04-09,46.3625,"LA MOURE, ND US",0.737,METERS,-98.29194
2020-04-13T00:00:00,PRCP,GHCND:USC00324958,",,7,0800",0.02,492.3,1897-04-01,2021-04-09,48.7622,"LANGDON EXPERIMENTAL FARM, ND US",0.8934,METERS,-98.3447
2020-04-13T00:00:00,SNOW,GHCND:USC00324958,",,7,",0.8,492.3,1897-04-01,2021-04-09,48.7622,"LANGDON EXPERIMENTAL FARM, ND US",0.8934,METERS,-98.3447
2020-04-13T00:00:00,SNWD,GHCND:USC00324958,",,7,0800",1.0,492.3,1897-04-01,2021-04-09,48.7622,"LANGDON EXPERIMENTAL FARM, ND US",0.8934,METERS,-98.3447
2020-04-13T00:00:00,TMAX,GHCND:USC00324958,",,7,0800",28.0,492.3,1897-04-01,2021-04-09,48.7622,"LANGDON EXPERIMENTAL FARM, ND US",0.8934,METERS,-98.3447
2020-04-13T00:00:00,TMIN,GHCND:USC00324958,",,7,0800",11.0,492.3,1897-04-01,2021-04-09,48.7622,"LANGDON EXPERIMENTAL FARM, ND US",0.8934,METERS,-98.3447
2020-04-13T00:00:00,TOBS,GHCND:USC00324958,",,7,0800",13.0,492.3,1897-04-01,2021-04-09,48.7622,"LANGDON EXPERIMENTAL FARM, ND US",0.8934,METERS,-98.3447
2020-04-13T00:00:00,PRCP,GHCND:USC00325002,"T,,7,0500",0.0,490.7,1950-05-20,2021-04-10,48.6273,"LANSFORD, ND US",0.3449,METERS,-101.3764
2020-04-13T00:00:00,SNOW,GHCND:USC00325002,",,7,",0.1,490.7,1950-05-20,2021-04-10,48.6273,"LANSFORD, ND US",0.3449,METERS,-101.3764
2020-04-13T00:00:00,SNWD,GHCND:USC00325002,",,7,0500",0.0,490.7,1950-05-20,2021-04-10,48.6273,"LANSFORD, ND US",0.3449,METERS,-101.3764
2020-04-13T00:00:00,PRCP,GHCND:USC00325186,"T,,7,0700",0.0,342.9,1979-01-01,2021-04-10,46.0725,"LIDGERWOOD, ND US",0.8887,METERS,-97.1461
2020-04-13T00:00:00,SNOW,GHCND:USC00325186,"T,,7,",0.0,342.9,1979-01-01,2021-04-10,46.0725,"LIDGERWOOD, ND US",0.8887,METERS,-97.1461
2020-04-13T00:00:00,SNWD,GHCND:USC00325186,",,7,0700",0.0,342.9,1979-01-01,2021-04-10,46.0725,"LIDGERWOOD, ND US",0.8887,METERS,-97.1461
2020-04-13T00:00:00,TMAX,GHCND:USC00325186,",,7,0700",34.0,342.9,1979-01-01,2021-04-10,46.0725,"LIDGERWOOD, ND US",0.8887,METERS,-97.1461
2020-04-13T00:00:00,TMIN,GHCND:USC00325186,",,7,0700",23.0,342.9,1979-01-01,2021-04-10,46.0725,"LIDGERWOOD, ND US",0.8887,METERS,-97.1461
2020-04-13T00:00:00,TOBS,GHCND:USC00325186,",,7,0700",24.0,342.9,1979-01-01,2021-04-10,46.0725,"LIDGERWOOD, ND US",0.8887,METERS,-97.1461
2020-04-13T00:00:00,PRCP,GHCND:USC00325220,"T,,7,0800",0.0,350.2,1903-04-01,2021-04-10,46.4444,"LISBON, ND US",0.9239,METERS,-97.6928
2020-04-13T00:00:00,SNOW,GHCND:USC00325220,"T,,7,",0.0,350.2,1903-04-01,2021-04-10,46.4444,"LISBON, ND US",0.9239,METERS,-97.6928
2020-04-13T00:00:00,SNWD,GHCND:USC00325220,",,7,0800",0.0,350.2,1903-04-01,2021-04-10,46.4444,"LISBON, ND US",0.9239,METERS,-97.6928
2020-04-13T00:00:00,TMAX,GHCND:USC00325220,",,7,0800",32.0,350.2,1903-04-01,2021-04-10,46.4444,"LISBON, ND US",0.9239,METERS,-97.6928
2020-04-13T00:00:00,TMIN,GHCND:USC00325220,",,7,0800",16.0,350.2,1903-04-01,2021-04-10,46.4444,"LISBON, ND US",0.9239,METERS,-97.6928
2020-04-13T00:00:00,TOBS,GHCND:USC00325220,",,7,0800",20.0,350.2,1903-04-01,2021-04-10,46.4444,"LISBON, ND US",0.9239,METERS,-97.6928
2020-04-13T00:00:00,PRCP,GHCND:USC00325230,",,7,0700",0.0,451.7,1951-05-01,2021-02-28,46.6612,"LITCHVILLE 2 NW, ND US",0.9898,METERS,-98.2268
2020-04-13T00:00:00,SNOW,GHCND:USC00325230,",,7,",0.0,451.7,1951-05-01,2021-02-28,46.6612,"LITCHVILLE 2 NW, ND US",0.9898,METERS,-98.2268
2020-04-13T00:00:00,PRCP,GHCND:USC00325638,"T,,7,0800",0.0,643.1,1929-04-11,2021-04-09,47.8213,"MAX, ND US",0.9831,METERS,-101.2922
2020-04-13T00:00:00,SNOW,GHCND:USC00325638,"T,,7,",0.0,643.1,1929-04-11,2021-04-09,47.8213,"MAX, ND US",0.9831,METERS,-101.2922
2020-04-13T00:00:00,SNWD,GHCND:USC00325638,"T,,7,",0.0,643.1,1929-04-11,2021-04-09,47.8213,"MAX, ND US",0.9831,METERS,-101.2922
2020-04-13T00:00:00,TMAX,GHCND:USC00325638,",,7,0800",29.0,643.1,1929-04-11,2021-04-09,47.8213,"MAX, ND US",0.9831,METERS,-101.2922
2020-04-13T00:00:00,TMIN,GHCND:USC00325638,",,7,0800",13.0,643.1,1929-04-11,2021-04-09,47.8213,"MAX, ND US",0.9831,METERS,-101.2922
2020-04-13T00:00:00,TOBS,GHCND:USC00325638,",,7,0800",13.0,643.1,1929-04-11,2021-04-09,47.8213,"MAX, ND US",0.9831,METERS,-101.2922
2020-04-13T00:00:00,PRCP,GHCND:USC00325660,"T,,7,0630",0.0,299.6,1893-01-01,2021-04-10,47.4988,"MAYVILLE, ND US",0.8332,METERS,-97.3513
2020-04-13T00:00:00,TMAX,GHCND:USC00325660,",,7,0630",31.0,299.6,1893-01-01,2021-04-10,47.4988,"MAYVILLE, ND US",0.8332,METERS,-97.3513
2020-04-13T00:00:00,TMIN,GHCND:USC00325660,",,7,0630",18.0,299.6,1893-01-01,2021-04-10,47.4988,"MAYVILLE, ND US",0.8332,METERS,-97.3513
2020-04-13T00:00:00,TOBS,GHCND:USC00325660,",,7,0630",18.0,299.6,1893-01-01,2021-04-10,47.4988,"MAYVILLE, ND US",0.8332,METERS,-97.3513
2020-04-13T00:00:00,PRCP,GHCND:USC00325710,",,7,1800",0.01,587.3,1917-09-01,2021-04-04,47.4825,"MC CLUSKY, ND US",0.9279,METERS,-100.4444
2020-04-13T00:00:00,SNOW,GHCND:USC00325710,"T,,7,",0.0,587.3,1917-09-01,2021-04-04,47.4825,"MC CLUSKY, ND US",0.9279,METERS,-100.4444
2020-04-13T00:00:00,SNWD,GHCND:USC00325710,"T,,7,1800",0.0,587.3,1917-09-01,2021-04-04,47.4825,"MC CLUSKY, ND US",0.9279,METERS,-100.4444
2020-04-13T00:00:00,TMAX,GHCND:USC00325710,",,7,1800",31.0,587.3,1917-09-01,2021-04-04,47.4825,"MC CLUSKY, ND US",0.9279,METERS,-100.4444
2020-04-13T00:00:00,TMIN,GHCND:USC00325710,",,7,1800",15.0,587.3,1917-09-01,2021-04-04,47.4825,"MC CLUSKY, ND US",0.9279,METERS,-100.4444
2020-04-13T00:00:00,TOBS,GHCND:USC00325710,",,7,1800",19.0,587.3,1917-09-01,2021-04-04,47.4825,"MC CLUSKY, ND US",0.9279,METERS,-100.4444
2020-04-13T00:00:00,PRCP,GHCND:USC00325730,",,7,1000",0.0,474.0,1909-12-09,2021-03-11,47.5808,"MC HENRY 3 W, ND US",0.8605,METERS,-98.6422
2020-04-13T00:00:00,SNOW,GHCND:USC00325730,",,7,",0.0,474.0,1909-12-09,2021-03-11,47.5808,"MC HENRY 3 W, ND US",0.8605,METERS,-98.6422
2020-04-13T00:00:00,SNWD,GHCND:USC00325730,",,7,",0.0,474.0,1909-12-09,2021-03-11,47.5808,"MC HENRY 3 W, ND US",0.8605,METERS,-98.6422
2020-04-13T00:00:00,TMAX,GHCND:USC00325730,",,7,1000",30.0,474.0,1909-12-09,2021-03-11,47.5808,"MC HENRY 3 W, ND US",0.8605,METERS,-98.6422
2020-04-13T00:00:00,TMIN,GHCND:USC00325730,",,7,1000",14.0,474.0,1909-12-09,2021-03-11,47.5808,"MC HENRY 3 W, ND US",0.8605,METERS,-98.6422
2020-04-13T00:00:00,TOBS,GHCND:USC00325730,",,7,1000",18.0,474.0,1909-12-09,2021-03-11,47.5808,"MC HENRY 3 W, ND US",0.8605,METERS,-98.6422
2020-04-13T00:00:00,PRCP,GHCND:USC00325754,"T,,7,0700",0.0,327.7,1912-04-01,2021-04-10,46.3911,"MC LEOD 3 E, ND US",0.9837,METERS,-97.2391
2020-04-13T00:00:00,SNOW,GHCND:USC00325754,"T,,7,",0.0,327.7,1912-04-01,2021-04-10,46.3911,"MC LEOD 3 E, ND US",0.9837,METERS,-97.2391
2020-04-13T00:00:00,SNWD,GHCND:USC00325754,",,7,0700",0.0,327.7,1912-04-01,2021-04-10,46.3911,"MC LEOD 3 E, ND US",0.9837,METERS,-97.2391
2020-04-13T00:00:00,TMAX,GHCND:USC00325754,",,7,0700",34.0,327.7,1912-04-01,2021-04-10,46.3911,"MC LEOD 3 E, ND US",0.9837,METERS,-97.2391
2020-04-13T00:00:00,TMIN,GHCND:USC00325754,",,7,0700",20.0,327.7,1912-04-01,2021-04-10,46.3911,"MC LEOD 3 E, ND US",0.9837,METERS,-97.2391
2020-04-13T00:00:00,TOBS,GHCND:USC00325754,",,7,0700",23.0,327.7,1912-04-01,2021-04-10,46.3911,"MC LEOD 3 E, ND US",0.9837,METERS,-97.2391
2020-04-13T00:00:00,PRCP,GHCND:USC00325813,",,7,0800",0.03,691.3,1948-07-17,2021-03-10,46.9161,"MEDORA, ND US",0.9584,METERS,-103.5263
2020-04-13T00:00:00,SNOW,GHCND:USC00325813,",,7,",0.3,691.3,1948-07-17,2021-03-10,46.9161,"MEDORA, ND US",0.9584,METERS,-103.5263
2020-04-13T00:00:00,SNWD,GHCND:USC00325813,"T,,7,0800",0.0,691.3,1948-07-17,2021-03-10,46.9161,"MEDORA, ND US",0.9584,METERS,-103.5263
2020-04-13T00:00:00,TMAX,GHCND:USC00325813,",,7,0800",33.0,691.3,1948-07-17,2021-03-10,46.9161,"MEDORA, ND US",0.9584,METERS,-103.5263
2020-04-13T00:00:00,TMIN,GHCND:USC00325813,",,7,0800",11.0,691.3,1948-07-17,2021-03-10,46.9161,"MEDORA, ND US",0.9584,METERS,-103.5263
2020-04-13T00:00:00,TOBS,GHCND:USC00325813,",,7,0800",17.0,691.3,1948-07-17,2021-03-10,46.9161,"MEDORA, ND US",0.9584,METERS,-103.5263
2020-04-13T00:00:00,TMAX,GHCND:USC00325848,",S,7,0600",55.0,448.1,1992-06-01,2020-06-30,48.078,"MINNEWAUKAN, ND US",0.9267,METERS,-99.2655
2020-04-13T00:00:00,TMIN,GHCND:USC00325848,",,7,0600",15.0,448.1,1992-06-01,2020-06-30,48.078,"MINNEWAUKAN, ND US",0.9267,METERS,-99.2655
2020-04-13T00:00:00,TOBS,GHCND:USC00325848,",,7,0600",23.0,448.1,1992-06-01,2020-06-30,48.078,"MINNEWAUKAN, ND US",0.9267,METERS,-99.2655
2020-04-13T00:00:00,PRCP,GHCND:USC00325993,",,7,0800",0.0,539.2,1905-06-10,2021-04-08,48.1802,"MINOT EXPERIMENTAL STATION, ND US",0.9909,METERS,-101.2963
2020-04-13T00:00:00,SNOW,GHCND:USC00325993,",,7,",0.0,539.2,1905-06-10,2021-04-08,48.1802,"MINOT EXPERIMENTAL STATION, ND US",0.9909,METERS,-101.2963
2020-04-13T00:00:00,TMAX,GHCND:USC00325993,",,7,0800",33.0,539.2,1905-06-10,2021-04-08,48.1802,"MINOT EXPERIMENTAL STATION, ND US",0.9909,METERS,-101.2963
2020-04-13T00:00:00,TMIN,GHCND:USC00325993,",,7,0800",14.0,539.2,1905-06-10,2021-04-08,48.1802,"MINOT EXPERIMENTAL STATION, ND US",0.9909,METERS,-101.2963
2020-04-13T00:00:00,TOBS,GHCND:USC00325993,",,7,0800",15.0,539.2,1905-06-10,2021-04-08,48.1802,"MINOT EXPERIMENTAL STATION, ND US",0.9909,METERS,-101.2963
2020-04-13T00:00:00,PRCP,GHCND:USC00326025,",,7,0800",0.0,500.2,1893-09-01,2021-02-28,48.7602,"MOHALL, ND US",0.9386,METERS,-101.509
2020-04-13T00:00:00,SNOW,GHCND:USC00326025,",,7,",0.0,500.2,1893-09-01,2021-02-28,48.7602,"MOHALL, ND US",0.9386,METERS,-101.509
2020-04-13T00:00:00,TMAX,GHCND:USC00326025,",,7,0800",32.0,500.2,1893-09-01,2021-02-28,48.7602,"MOHALL, ND US",0.9386,METERS,-101.509
2020-04-13T00:00:00,TMIN,GHCND:USC00326025,",,7,0800",13.0,500.2,1893-09-01,2021-02-28,48.7602,"MOHALL, ND US",0.9386,METERS,-101.509
2020-04-13T00:00:00,TOBS,GHCND:USC00326025,",,7,0800",13.0,500.2,1893-09-01,2021-02-28,48.7602,"MOHALL, ND US",0.9386,METERS,-101.509
2020-04-13T00:00:00,PRCP,GHCND:USC00326105,",,7,0800",0.0,428.2,1948-08-02,2021-04-10,46.7005,"MONTPELIER, ND US",0.9944,METERS,-98.5839
2020-04-13T00:00:00,SNOW,GHCND:USC00326105,",,7,",0.0,428.2,1948-08-02,2021-04-10,46.7005,"MONTPELIER, ND US",0.9944,METERS,-98.5839
2020-04-13T00:00:00,SNWD,GHCND:USC00326105,",,7,0800",0.0,428.2,1948-08-02,2021-04-10,46.7005,"MONTPELIER, ND US",0.9944,METERS,-98.5839
2020-04-13T00:00:00,DAPR,GHCND:USC00326255,",,7,",4.0,603.5,1893-01-01,2021-04-09,46.5066,"NAPOLEON, ND US",0.9896,METERS,-99.7691
2020-04-13T00:00:00,MDPR,GHCND:USC00326255,",,7,",0.04,603.5,1893-01-01,2021-04-09,46.5066,"NAPOLEON, ND US",0.9896,METERS,-99.7691
2020-04-13T00:00:00,SNOW,GHCND:USC00326255,",,7,",0.5,603.5,1893-01-01,2021-04-09,46.5066,"NAPOLEON, ND US",0.9896,METERS,-99.7691
2020-04-13T00:00:00,SNWD,GHCND:USC00326255,",,7,",1.0,603.5,1893-01-01,2021-04-09,46.5066,"NAPOLEON, ND US",0.9896,METERS,-99.7691
2020-04-13T00:00:00,TMAX,GHCND:USC00326255,",S,7,0800",57.0,603.5,1893-01-01,2021-04-09,46.5066,"NAPOLEON, ND US",0.9896,METERS,-99.7691
2020-04-13T00:00:00,TMIN,GHCND:USC00326255,",,7,0800",14.0,603.5,1893-01-01,2021-04-09,46.5066,"NAPOLEON, ND US",0.9896,METERS,-99.7691
2020-04-13T00:00:00,TOBS,GHCND:USC00326255,",,7,0800",14.0,603.5,1893-01-01,2021-04-09,46.5066,"NAPOLEON, ND US",0.9896,METERS,-99.7691
2020-04-13T00:00:00,PRCP,GHCND:USC00326315,",,7,1900",0.1,792.5,1894-03-01,2021-02-28,46.54055,"NEW ENGLAND, ND US",0.9355,METERS,-102.86916
2020-04-13T00:00:00,SNOW,GHCND:USC00326315,",,7,",1.0,792.5,1894-03-01,2021-02-28,46.54055,"NEW ENGLAND, ND US",0.9355,METERS,-102.86916
2020-04-13T00:00:00,TMAX,GHCND:USC00326315,",,7,1900",24.0,792.5,1894-03-01,2021-02-28,46.54055,"NEW ENGLAND, ND US",0.9355,METERS,-102.86916
2020-04-13T00:00:00,TMIN,GHCND:USC00326315,",,7,1900",6.0,792.5,1894-03-01,2021-02-28,46.54055,"NEW ENGLAND, ND US",0.9355,METERS,-102.86916
2020-04-13T00:00:00,TOBS,GHCND:USC00326315,",,7,1900",14.0,792.5,1894-03-01,2021-02-28,46.54055,"NEW ENGLAND, ND US",0.9355,METERS,-102.86916
2020-04-13T00:00:00,PRCP,GHCND:USC00326365,",,7,0900",0.14,655.3,1893-06-01,2021-04-10,46.8925,"NEW SALEM 5 NW, ND US",0.9001,METERS,-101.4897
2020-04-13T00:00:00,SNOW,GHCND:USC00326365,",,7,",2.2,655.3,1893-06-01,2021-04-10,46.8925,"NEW SALEM 5 NW, ND US",0.9001,METERS,-101.4897
2020-04-13T00:00:00,SNWD,GHCND:USC00326365,",,7,0900",2.0,655.3,1893-06-01,2021-04-10,46.8925,"NEW SALEM 5 NW, ND US",0.9001,METERS,-101.4897
2020-04-13T00:00:00,TMAX,GHCND:USC00326365,",,7,0900",36.0,655.3,1893-06-01,2021-04-10,46.8925,"NEW SALEM 5 NW, ND US",0.9001,METERS,-101.4897
2020-04-13T00:00:00,TMIN,GHCND:USC00326365,",,7,0900",1.0,655.3,1893-06-01,2021-04-10,46.8925,"NEW SALEM 5 NW, ND US",0.9001,METERS,-101.4897
2020-04-13T00:00:00,TOBS,GHCND:USC00326365,",,7,0900",13.0,655.3,1893-06-01,2021-04-10,46.8925,"NEW SALEM 5 NW, ND US",0.9001,METERS,-101.4897
2020-04-13T00:00:00,PRCP,GHCND:USC00327027,",,7,0800",0.0,467.0,1930-06-12,2021-04-09,48.0356,"PETERSBURG 2 N, ND US",0.9293,METERS,-98.0096
2020-04-13T00:00:00,TMAX,GHCND:USC00327027,",,7,0800",32.0,467.0,1930-06-12,2021-04-09,48.0356,"PETERSBURG 2 N, ND US",0.9293,METERS,-98.0096
2020-04-13T00:00:00,TMIN,GHCND:USC00327027,",,7,0800",15.0,467.0,1930-06-12,2021-04-09,48.0356,"PETERSBURG 2 N, ND US",0.9293,METERS,-98.0096
2020-04-13T00:00:00,TOBS,GHCND:USC00327027,",,7,0800",15.0,467.0,1930-06-12,2021-04-09,48.0356,"PETERSBURG 2 N, ND US",0.9293,METERS,-98.0096
2020-04-13T00:00:00,PRCP,GHCND:USC00327311,"T,,7,1800",0.0,755.9,1948-08-01,2021-02-28,46.1758,"PRETTY ROCK, ND US",0.9931,METERS,-101.8561
2020-04-13T00:00:00,SNOW,GHCND:USC00327311,",,7,",0.2,755.9,1948-08-01,2021-02-28,46.1758,"PRETTY ROCK, ND US",0.9931,METERS,-101.8561
2020-04-13T00:00:00,SNWD,GHCND:USC00327311,"T,,7,",0.0,755.9,1948-08-01,2021-02-28,46.1758,"PRETTY ROCK, ND US",0.9931,METERS,-101.8561
2020-04-13T00:00:00,TMAX,GHCND:USC00327311,",,7,1800",27.0,755.9,1948-08-01,2021-02-28,46.1758,"PRETTY ROCK, ND US",0.9931,METERS,-101.8561
2020-04-13T00:00:00,TMIN,GHCND:USC00327311,",,7,1800",11.0,755.9,1948-08-01,2021-02-28,46.1758,"PRETTY ROCK, ND US",0.9931,METERS,-101.8561
2020-04-13T00:00:00,TOBS,GHCND:USC00327311,",,7,1800",21.0,755.9,1948-08-01,2021-02-28,46.1758,"PRETTY ROCK, ND US",0.9931,METERS,-101.8561
2020-04-13T00:00:00,PRCP,GHCND:USC00327450,"T,,7,1800",0.0,864.1,1950-06-01,2020-12-31,46.1088,"REEDER, ND US",0.9507,METERS,-102.9447
2020-04-13T00:00:00,SNOW,GHCND:USC00327450,"T,,7,",0.0,864.1,1950-06-01,2020-12-31,46.1088,"REEDER, ND US",0.9507,METERS,-102.9447
2020-04-13T00:00:00,PRCP,GHCND:USC00327530,"T,,7,1700",0.0,752.9,1916-02-23,2021-02-28,46.8886,"RICHARDTON ABBEY, ND US",0.9778,METERS,-102.3191
2020-04-13T00:00:00,SNWD,GHCND:USC00327530,",,7,",0.0,752.9,1916-02-23,2021-02-28,46.8886,"RICHARDTON ABBEY, ND US",0.9778,METERS,-102.3191
2020-04-13T00:00:00,TMAX,GHCND:USC00327530,",,7,1700",30.0,752.9,1916-02-23,2021-02-28,46.8886,"RICHARDTON ABBEY, ND US",0.9778,METERS,-102.3191
2020-04-13T00:00:00,TMIN,GHCND:USC00327530,",,7,1700",7.0,752.9,1916-02-23,2021-02-28,46.8886,"RICHARDTON ABBEY, ND US",0.9778,METERS,-102.3191
2020-04-13T00:00:00,TOBS,GHCND:USC00327530,",,7,1700",15.0,752.9,1916-02-23,2021-02-28,46.8886,"RICHARDTON ABBEY, ND US",0.9778,METERS,-102.3191
2020-04-13T00:00:00,WESD,GHCND:USC00327530,",,7,0700",0.0,752.9,1916-02-23,2021-02-28,46.8886,"RICHARDTON ABBEY, ND US",0.9778,METERS,-102.3191
2020-04-13T00:00:00,PRCP,GHCND:USC00327655,"T,,7,0700",0.0,493.8,1949-11-19,2021-03-13,48.6297,"ROLETTE 3 SE, ND US",0.3119,METERS,-99.8069
2020-04-13T00:00:00,SNOW,GHCND:USC00327655,"T,,7,",0.0,493.8,1949-11-19,2021-03-13,48.6297,"ROLETTE 3 SE, ND US",0.3119,METERS,-99.8069
2020-04-13T00:00:00,TMAX,GHCND:USC00327655,",,7,0700",30.0,493.8,1949-11-19,2021-03-13,48.6297,"ROLETTE 3 SE, ND US",0.3119,METERS,-99.8069
2020-04-13T00:00:00,TMIN,GHCND:USC00327655,",,7,0700",12.0,493.8,1949-11-19,2021-03-13,48.6297,"ROLETTE 3 SE, ND US",0.3119,METERS,-99.8069
2020-04-13T00:00:00,TOBS,GHCND:USC00327655,",,7,0700",13.0,493.8,1949-11-19,2021-03-13,48.6297,"ROLETTE 3 SE, ND US",0.3119,METERS,-99.8069
2020-04-13T00:00:00,PRCP,GHCND:USC00327704,"T,,7,1800",0.0,472.4,1904-05-01,2021-01-31,48.3541,"RUGBY, ND US",0.7145,METERS,-99.9925
2020-04-13T00:00:00,SNOW,GHCND:USC00327704,"T,,7,",0.0,472.4,1904-05-01,2021-01-31,48.3541,"RUGBY, ND US",0.7145,METERS,-99.9925
2020-04-13T00:00:00,TMAX,GHCND:USC00327704,",,7,1800",37.0,472.4,1904-05-01,2021-01-31,48.3541,"RUGBY, ND US",0.7145,METERS,-99.9925
2020-04-13T00:00:00,TMIN,GHCND:USC00327704,",,7,1800",15.0,472.4,1904-05-01,2021-01-31,48.3541,"RUGBY, ND US",0.7145,METERS,-99.9925
2020-04-13T00:00:00,TOBS,GHCND:USC00327704,",,7,1800",15.0,472.4,1904-05-01,2021-01-31,48.3541,"RUGBY, ND US",0.7145,METERS,-99.9925
2020-04-13T00:00:00,PRCP,GHCND:USC00328047,"T,,7,0800",0.0,500.5,1948-07-01,2021-04-07,48.9623,"SHERWOOD, ND US",0.872,METERS,-101.631
2020-04-13T00:00:00,SNOW,GHCND:USC00328047,"T,,7,",0.0,500.5,1948-07-01,2021-04-07,48.9623,"SHERWOOD, ND US",0.872,METERS,-101.631
2020-04-13T00:00:00,SNWD,GHCND:USC00328047,",,7,0800",0.0,500.5,1948-07-01,2021-04-07,48.9623,"SHERWOOD, ND US",0.872,METERS,-101.631
2020-04-13T00:00:00,SNOW,GHCND:USC00328065,"T,,7,",0.0,550.5,1950-07-25,2021-02-28,46.233,"SHIELDS, ND US",0.9862,METERS,-101.1291
2020-04-13T00:00:00,PRCP,GHCND:USC00328366,",,7,1900",0.07,564.8,1894-04-01,2021-04-04,46.8948,"STEELE 4 N, ND US",0.9082,METERS,-99.9482
2020-04-13T00:00:00,SNOW,GHCND:USC00328366,",,7,",0.3,564.8,1894-04-01,2021-04-04,46.8948,"STEELE 4 N, ND US",0.9082,METERS,-99.9482
2020-04-13T00:00:00,SNWD,GHCND:USC00328366,",,7,",0.0,564.8,1894-04-01,2021-04-04,46.8948,"STEELE 4 N, ND US",0.9082,METERS,-99.9482
2020-04-13T00:00:00,TMAX,GHCND:USC00328366,",,7,1900",30.0,564.8,1894-04-01,2021-04-04,46.8948,"STEELE 4 N, ND US",0.9082,METERS,-99.9482
2020-04-13T00:00:00,TMIN,GHCND:USC00328366,",,7,1900",9.0,564.8,1894-04-01,2021-04-04,46.8948,"STEELE 4 N, ND US",0.9082,METERS,-99.9482
2020-04-13T00:00:00,TOBS,GHCND:USC00328366,",,7,1900",19.0,564.8,1894-04-01,2021-04-04,46.8948,"STEELE 4 N, ND US",0.9082,METERS,-99.9482
2020-04-13T00:00:00,WT11,GHCND:USC00328366,",,7,",1.0,564.8,1894-04-01,2021-04-04,46.8948,"STEELE 4 N, ND US",0.9082,METERS,-99.9482
2020-04-13T00:00:00,PRCP,GHCND:USC00328415,",,7,0800",0.04,597.7,1987-08-01,2021-04-09,46.7154,"STREETER 5 NW, ND US",0.9943,METERS,-99.4475
2020-04-13T00:00:00,SNOW,GHCND:USC00328415,",,7,",0.5,597.7,1987-08-01,2021-04-09,46.7154,"STREETER 5 NW, ND US",0.9943,METERS,-99.4475
2020-04-13T00:00:00,TMAX,GHCND:USC00328415,",,7,0800",27.0,597.7,1987-08-01,2021-04-09,46.7154,"STREETER 5 NW, ND US",0.9943,METERS,-99.4475
2020-04-13T00:00:00,TMIN,GHCND:USC00328415,",,7,0800",9.0,597.7,1987-08-01,2021-04-09,46.7154,"STREETER 5 NW, ND US",0.9943,METERS,-99.4475
2020-04-13T00:00:00,SNOW,GHCND:USC00328608,"T,,7,",0.0,498.0,1951-04-01,2021-02-28,47.4647,"SYKESTON, ND US",0.9459,METERS,-99.3983
2020-04-13T00:00:00,PRCP,GHCND:USC00328660,",,7,0800",0.04,676.7,2001-12-01,2021-04-09,46.9988,"TAYLOR 7 NNW, ND US",0.9918,METERS,-102.4761
2020-04-13T00:00:00,SNOW,GHCND:USC00328660,",,7,",1.0,676.7,2001-12-01,2021-04-09,46.9988,"TAYLOR 7 NNW, ND US",0.9918,METERS,-102.4761
2020-04-13T00:00:00,SNWD,GHCND:USC00328660,",,7,",1.0,676.7,2001-12-01,2021-04-09,46.9988,"TAYLOR 7 NNW, ND US",0.9918,METERS,-102.4761
2020-04-13T00:00:00,TMAX,GHCND:USC00328660,",,7,1900",51.0,676.7,2001-12-01,2021-04-09,46.9988,"TAYLOR 7 NNW, ND US",0.9918,METERS,-102.4761
2020-04-13T00:00:00,TMIN,GHCND:USC00328660,",,7,1900",5.0,676.7,2001-12-01,2021-04-09,46.9988,"TAYLOR 7 NNW, ND US",0.9918,METERS,-102.4761
2020-04-13T00:00:00,TOBS,GHCND:USC00328660,",,7,1900",23.0,676.7,2001-12-01,2021-04-09,46.9988,"TAYLOR 7 NNW, ND US",0.9918,METERS,-102.4761
2020-04-13T00:00:00,PRCP,GHCND:USC00328792,",,7,0800",0.0,451.1,1896-02-01,2021-02-28,48.3706,"TOWNER 2 NE, ND US",0.8967,METERS,-100.3907
2020-04-13T00:00:00,SNOW,GHCND:USC00328792,",,7,",0.0,451.1,1896-02-01,2021-02-28,48.3706,"TOWNER 2 NE, ND US",0.8967,METERS,-100.3907
2020-04-13T00:00:00,TMAX,GHCND:USC00328792,",,7,0800",24.0,451.1,1896-02-01,2021-02-28,48.3706,"TOWNER 2 NE, ND US",0.8967,METERS,-100.3907
2020-04-13T00:00:00,TMIN,GHCND:USC00328792,",,7,0800",13.0,451.1,1896-02-01,2021-02-28,48.3706,"TOWNER 2 NE, ND US",0.8967,METERS,-100.3907
2020-04-13T00:00:00,TOBS,GHCND:USC00328792,",,7,0800",19.0,451.1,1896-02-01,2021-02-28,48.3706,"TOWNER 2 NE, ND US",0.8967,METERS,-100.3907
2020-04-13T00:00:00,PRCP,GHCND:USC00328840,"T,,7,0500",0.0,577.0,1912-09-01,2021-03-25,47.5213,"TURTLE LAKE, ND US",0.9214,METERS,-100.8883
2020-04-13T00:00:00,SNOW,GHCND:USC00328840,"T,,7,",0.0,577.0,1912-09-01,2021-03-25,47.5213,"TURTLE LAKE, ND US",0.9214,METERS,-100.8883
2020-04-13T00:00:00,SNWD,GHCND:USC00328840,"T,,7,",0.0,577.0,1912-09-01,2021-03-25,47.5213,"TURTLE LAKE, ND US",0.9214,METERS,-100.8883
2020-04-13T00:00:00,TMAX,GHCND:USC00328840,",,7,0500",33.0,577.0,1912-09-01,2021-03-25,47.5213,"TURTLE LAKE, ND US",0.9214,METERS,-100.8883
2020-04-13T00:00:00,TMIN,GHCND:USC00328840,",,7,0500",14.0,577.0,1912-09-01,2021-03-25,47.5213,"TURTLE LAKE, ND US",0.9214,METERS,-100.8883
2020-04-13T00:00:00,TOBS,GHCND:USC00328840,",,7,0500",15.0,577.0,1912-09-01,2021-03-25,47.5213,"TURTLE LAKE, ND US",0.9214,METERS,-100.8883
2020-04-13T00:00:00,PRCP,GHCND:USC00328872,",,7,0800",0.01,623.3,1954-07-01,2021-04-10,47.455,"UNDERWOOD, ND US",0.953,METERS,-101.1461
2020-04-13T00:00:00,SNOW,GHCND:USC00328872,",,7,",0.2,623.3,1954-07-01,2021-04-10,47.455,"UNDERWOOD, ND US",0.953,METERS,-101.1461
2020-04-13T00:00:00,SNWD,GHCND:USC00328872,"T,,7,0800",0.0,623.3,1954-07-01,2021-04-10,47.455,"UNDERWOOD, ND US",0.953,METERS,-101.1461
2020-04-13T00:00:00,TMAX,GHCND:USC00328872,",,7,0800",32.0,623.3,1954-07-01,2021-04-10,47.455,"UNDERWOOD, ND US",0.953,METERS,-101.1461
2020-04-13T00:00:00,TMIN,GHCND:USC00328872,",,7,0800",11.0,623.3,1954-07-01,2021-04-10,47.455,"UNDERWOOD, ND US",0.953,METERS,-101.1461
2020-04-13T00:00:00,TOBS,GHCND:USC00328872,",,7,0800",14.0,623.3,1954-07-01,2021-04-10,47.455,"UNDERWOOD, ND US",0.953,METERS,-101.1461
2020-04-13T00:00:00,PRCP,GHCND:USC00328913,",,7,0800",0.0,434.3,1940-07-01,2021-04-06,48.6147,"UPHAM 3 N, ND US",0.9923,METERS,-100.7263
2020-04-13T00:00:00,SNOW,GHCND:USC00328913,",,7,",0.0,434.3,1940-07-01,2021-04-06,48.6147,"UPHAM 3 N, ND US",0.9923,METERS,-100.7263
2020-04-13T00:00:00,SNWD,GHCND:USC00328913,",,7,",0.0,434.3,1940-07-01,2021-04-06,48.6147,"UPHAM 3 N, ND US",0.9923,METERS,-100.7263
2020-04-13T00:00:00,TMAX,GHCND:USC00328913,",,7,0800",32.0,434.3,1940-07-01,2021-04-06,48.6147,"UPHAM 3 N, ND US",0.9923,METERS,-100.7263
2020-04-13T00:00:00,TMIN,GHCND:USC00328913,",,7,0800",12.0,434.3,1940-07-01,2021-04-06,48.6147,"UPHAM 3 N, ND US",0.9923,METERS,-100.7263
2020-04-13T00:00:00,TOBS,GHCND:USC00328913,",,7,0800",16.0,434.3,1940-07-01,2021-04-06,48.6147,"UPHAM 3 N, ND US",0.9923,METERS,-100.7263
2020-04-13T00:00:00,PRCP,GHCND:USC00328990,",,7,0800",0.0,460.2,1926-11-01,2021-04-10,48.06,"VELVA, ND US",0.8784,METERS,-100.9413
2020-04-13T00:00:00,SNOW,GHCND:USC00328990,",,7,",0.0,460.2,1926-11-01,2021-04-10,48.06,"VELVA, ND US",0.8784,METERS,-100.9413
2020-04-13T00:00:00,PRCP,GHCND:USC00329233,",,7,0800",0.01,661.4,1912-01-01,2021-04-10,47.8038,"WATFORD CITY, ND US",0.7687,METERS,-103.2891
2020-04-13T00:00:00,SNOW,GHCND:USC00329233,",,7,",0.5,661.4,1912-01-01,2021-04-10,47.8038,"WATFORD CITY, ND US",0.7687,METERS,-103.2891
2020-04-13T00:00:00,TMAX,GHCND:USC00329233,",,7,0800",32.0,661.4,1912-01-01,2021-04-10,47.8038,"WATFORD CITY, ND US",0.7687,METERS,-103.2891
2020-04-13T00:00:00,TMIN,GHCND:USC00329233,",,7,0800",9.0,661.4,1912-01-01,2021-04-10,47.8038,"WATFORD CITY, ND US",0.7687,METERS,-103.2891
2020-04-13T00:00:00,TOBS,GHCND:USC00329233,",,7,0800",10.0,661.4,1912-01-01,2021-04-10,47.8038,"WATFORD CITY, ND US",0.7687,METERS,-103.2891
2020-04-13T00:00:00,DAPR,GHCND:USC00329246,",,7,",4.0,617.8,1951-06-01,2021-02-28,47.6,"WATFORD CITY 14 S, ND US",0.9236,METERS,-103.2597
2020-04-13T00:00:00,MDPR,GHCND:USC00329246,",,7,",0.05,617.8,1951-06-01,2021-02-28,47.6,"WATFORD CITY 14 S, ND US",0.9236,METERS,-103.2597
2020-04-13T00:00:00,TMAX,GHCND:USC00329246,",,7,0800",51.0,617.8,1951-06-01,2021-02-28,47.6,"WATFORD CITY 14 S, ND US",0.9236,METERS,-103.2597
2020-04-13T00:00:00,TMIN,GHCND:USC00329246,",,7,0800",5.0,617.8,1951-06-01,2021-02-28,47.6,"WATFORD CITY 14 S, ND US",0.9236,METERS,-103.2597
2020-04-13T00:00:00,TOBS,GHCND:USC00329246,",,7,0800",10.0,617.8,1951-06-01,2021-02-28,47.6,"WATFORD CITY 14 S, ND US",0.9236,METERS,-103.2597
2020-04-13T00:00:00,PRCP,GHCND:USC00329421,",,7,0700",0.05,570.6,2014-04-01,2021-04-05,48.15,"WILLISTON, ND US",0.9489,METERS,-103.63
2020-04-13T00:00:00,SNOW,GHCND:USC00329421,",,7,",0.5,570.6,2014-04-01,2021-04-05,48.15,"WILLISTON, ND US",0.9489,METERS,-103.63
2020-04-13T00:00:00,PRCP,GHCND:USC00329426,",,H,2400",0.0,712.3,2019-11-04,2021-04-09,48.25389,"WILLISTON AIRPORT, ND US",0.9943,METERS,-103.74667
2020-04-13T00:00:00,TMAX,GHCND:USC00329426,",,H,2400",21.0,712.3,2019-11-04,2021-04-09,48.25389,"WILLISTON AIRPORT, ND US",0.9943,METERS,-103.74667
2020-04-13T00:00:00,TMIN,GHCND:USC00329426,",,H,2400",7.0,712.3,2019-11-04,2021-04-09,48.25389,"WILLISTON AIRPORT, ND US",0.9943,METERS,-103.74667
2020-04-13T00:00:00,PRCP,GHCND:USC00329430,",,7,1700",0.0,641.6,1956-07-01,2020-12-31,48.1375,"WILLISTON EXPERIMENTAL FARM, ND US",0.9915,METERS,-103.7372
2020-04-13T00:00:00,SNOW,GHCND:USC00329430,",,7,",0.0,641.6,1956-07-01,2020-12-31,48.1375,"WILLISTON EXPERIMENTAL FARM, ND US",0.9915,METERS,-103.7372
2020-04-13T00:00:00,TMAX,GHCND:USC00329430,",,7,1700",28.0,641.6,1956-07-01,2020-12-31,48.1375,"WILLISTON EXPERIMENTAL FARM, ND US",0.9915,METERS,-103.7372
2020-04-13T00:00:00,TMIN,GHCND:USC00329430,",,7,1700",7.0,641.6,1956-07-01,2020-12-31,48.1375,"WILLISTON EXPERIMENTAL FARM, ND US",0.9915,METERS,-103.7372
2020-04-13T00:00:00,TOBS,GHCND:USC00329430,",,7,1700",24.0,641.6,1956-07-01,2020-12-31,48.1375,"WILLISTON EXPERIMENTAL FARM, ND US",0.9915,METERS,-103.7372
2020-04-13T00:00:00,PRCP,GHCND:USC00329445,",,7,0500",0.0,449.0,1893-01-01,2021-04-10,48.606,"WILLOW CITY, ND US",0.971,METERS,-100.291
2020-04-13T00:00:00,SNOW,GHCND:USC00329445,",,7,",0.0,449.0,1893-01-01,2021-04-10,48.606,"WILLOW CITY, ND US",0.971,METERS,-100.291
2020-04-13T00:00:00,TMAX,GHCND:USC00329445,",,7,0500",32.0,449.0,1893-01-01,2021-04-10,48.606,"WILLOW CITY, ND US",0.971,METERS,-100.291
2020-04-13T00:00:00,TMIN,GHCND:USC00329445,",,7,0500",13.0,449.0,1893-01-01,2021-04-10,48.606,"WILLOW CITY, ND US",0.971,METERS,-100.291
2020-04-13T00:00:00,TOBS,GHCND:USC00329445,",,7,0500",13.0,449.0,1893-01-01,2021-04-10,48.606,"WILLOW CITY, ND US",0.971,METERS,-100.291
2020-04-13T00:00:00,TAVG,GHCND:USR0000NARR,",,U,",21.0,463.3,1997-08-01,2021-04-10,47.2667,"ARROWWOOD 2 NORTH DAKOTA, ND US",0.6686,METERS,-98.8667
2020-04-13T00:00:00,TMAX,GHCND:USR0000NARR,"H,,U,",26.0,463.3,1997-08-01,2021-04-10,47.2667,"ARROWWOOD 2 NORTH DAKOTA, ND US",0.6686,METERS,-98.8667
2020-04-13T00:00:00,TMIN,GHCND:USR0000NARR,"H,,U,",17.0,463.3,1997-08-01,2021-04-10,47.2667,"ARROWWOOD 2 NORTH DAKOTA, ND US",0.6686,METERS,-98.8667
2020-04-13T00:00:00,TAVG,GHCND:USR0000NCRO,",,U,",16.0,650.4,2001-07-19,2021-04-09,48.9681,"CROSBY NORTH DAKOTA, ND US",0.9242,METERS,-104.0022
2020-04-13T00:00:00,TMAX,GHCND:USR0000NCRO,"H,,U,",21.0,650.4,2001-07-19,2021-04-09,48.9681,"CROSBY NORTH DAKOTA, ND US",0.9242,METERS,-104.0022
2020-04-13T00:00:00,TMIN,GHCND:USR0000NCRO,"H,,U,",10.0,650.4,2001-07-19,2021-04-09,48.9681,"CROSBY NORTH DAKOTA, ND US",0.9242,METERS,-104.0022
2020-04-13T00:00:00,TAVG,GHCND:USR0000NDEV,",,U,",19.0,466.3,1993-08-02,2021-04-10,47.9853,"DEVILS LAKE NORTH DAKOTA, ND US",0.9957,METERS,-98.9075
2020-04-13T00:00:00,TMAX,GHCND:USR0000NDEV,"H,,U,",25.0,466.3,1993-08-02,2021-04-10,47.9853,"DEVILS LAKE NORTH DAKOTA, ND US",0.9957,METERS,-98.9075
2020-04-13T00:00:00,TMIN,GHCND:USR0000NDEV,"H,,U,",15.0,466.3,1993-08-02,2021-04-10,47.9853,"DEVILS LAKE NORTH DAKOTA, ND US",0.9957,METERS,-98.9075
2020-04-13T00:00:00,TAVG,GHCND:USR0000NHAM,",,U,",20.0,482.2,2002-12-30,2021-04-10,48.5281,"HAMPDEN NORTH DAKOTA, ND US",0.9576,METERS,-98.6236
2020-04-13T00:00:00,TMAX,GHCND:USR0000NHAM,"H,,U,",26.0,482.2,2002-12-30,2021-04-10,48.5281,"HAMPDEN NORTH DAKOTA, ND US",0.9576,METERS,-98.6236
2020-04-13T00:00:00,TMIN,GHCND:USR0000NHAM,"H,,U,",15.0,482.2,2002-12-30,2021-04-10,48.5281,"HAMPDEN NORTH DAKOTA, ND US",0.9576,METERS,-98.6236
2020-04-13T00:00:00,TAVG,GHCND:USR0000NJCL,",,U,",19.0,381.0,2002-04-16,2021-04-10,48.37,"J. CLARK SALYER NORTH DAKOTA, ND US",0.9988,METERS,-100.43
2020-04-13T00:00:00,TMAX,GHCND:USR0000NJCL,"H,,U,",23.0,381.0,2002-04-16,2021-04-10,48.37,"J. CLARK SALYER NORTH DAKOTA, ND US",0.9988,METERS,-100.43
2020-04-13T00:00:00,TMIN,GHCND:USR0000NJCL,"H,,U,",12.0,381.0,2002-04-16,2021-04-10,48.37,"J. CLARK SALYER NORTH DAKOTA, ND US",0.9988,METERS,-100.43
2020-04-13T00:00:00,TAVG,GHCND:USR0000NLOS,",,U,",15.0,691.9,1997-06-06,2021-04-09,48.6333,"LOSTWOOD NORTH DAKOTA, ND US",0.8071,METERS,-102.4
2020-04-13T00:00:00,TMAX,GHCND:USR0000NLOS,"H,,U,",21.0,691.9,1997-06-06,2021-04-09,48.6333,"LOSTWOOD NORTH DAKOTA, ND US",0.8071,METERS,-102.4
2020-04-13T00:00:00,TMIN,GHCND:USR0000NLOS,"H,,U,",9.0,691.9,1997-06-06,2021-04-09,48.6333,"LOSTWOOD NORTH DAKOTA, ND US",0.8071,METERS,-102.4
2020-04-13T00:00:00,TAVG,GHCND:USR0000NSCK,",,U,",17.0,823.0,1997-08-01,2021-04-10,46.5456,"SAND CREEK NORTH DAKOTA, ND US",0.9799,METERS,-103.5183
2020-04-13T00:00:00,TMAX,GHCND:USR0000NSCK,"H,,U,",23.0,823.0,1997-08-01,2021-04-10,46.5456,"SAND CREEK NORTH DAKOTA, ND US",0.9799,METERS,-103.5183
2020-04-13T00:00:00,TMIN,GHCND:USR0000NSCK,"H,,U,",12.0,823.0,1997-08-01,2021-04-10,46.5456,"SAND CREEK NORTH DAKOTA, ND US",0.9799,METERS,-103.5183
2020-04-13T00:00:00,TAVG,GHCND:USR0000NSHY,",,U,",23.0,326.1,1997-07-30,2021-04-10,46.4658,"SHEYENNE NORTH DAKOTA, ND US",0.9228,METERS,-97.3161
2020-04-13T00:00:00,TMAX,GHCND:USR0000NSHY,"H,,U,",28.0,326.1,1997-07-30,2021-04-10,46.4658,"SHEYENNE NORTH DAKOTA, ND US",0.9228,METERS,-97.3161
2020-04-13T00:00:00,TMIN,GHCND:USR0000NSHY,"H,,U,",17.0,326.1,1997-07-30,2021-04-10,46.4658,"SHEYENNE NORTH DAKOTA, ND US",0.9228,METERS,-97.3161
2020-04-13T00:00:00,TAVG,GHCND:USR0000NWAT,",,U,",15.0,659.9,1997-07-31,2021-04-10,47.7803,"WATFORD CITY NORTH DAKOTA, ND US",0.985,METERS,-103.2867
2020-04-13T00:00:00,TMAX,GHCND:USR0000NWAT,"H,,U,",22.0,659.9,1997-07-31,2021-04-10,47.7803,"WATFORD CITY NORTH DAKOTA, ND US",0.985,METERS,-103.2867
2020-04-13T00:00:00,TMIN,GHCND:USR0000NWAT,"H,,U,",6.0,659.9,1997-07-31,2021-04-10,47.7803,"WATFORD CITY NORTH DAKOTA, ND US",0.985,METERS,-103.2867
2020-04-13T00:00:00,AWND,GHCND:USW00014914,",,W,",12.5,274.3,1891-05-01,2021-04-10,46.9253,"FARGO HECTOR INTERNATIONAL AIRPORT, ND US",0.6207,METERS,-96.8111
2020-04-13T00:00:00,PRCP,GHCND:USW00014914,",,W,2400",0.01,274.3,1891-05-01,2021-04-10,46.9253,"FARGO HECTOR INTERNATIONAL AIRPORT, ND US",0.6207,METERS,-96.8111
2020-04-13T00:00:00,SNOW,GHCND:USW00014914,",,W,",0.1,274.3,1891-05-01,2021-04-10,46.9253,"FARGO HECTOR INTERNATIONAL AIRPORT, ND US",0.6207,METERS,-96.8111
2020-04-13T00:00:00,SNWD,GHCND:USW00014914,",,W,",0.0,274.3,1891-05-01,2021-04-10,46.9253,"FARGO HECTOR INTERNATIONAL AIRPORT, ND US",0.6207,METERS,-96.8111
2020-04-13T00:00:00,TAVG,GHCND:USW00014914,"H,,S,",25.0,274.3,1891-05-01,2021-04-10,46.9253,"FARGO HECTOR INTERNATIONAL AIRPORT, ND US",0.6207,METERS,-96.8111
2020-04-13T00:00:00,TMAX,GHCND:USW00014914,",,W,2400",28.0,274.3,1891-05-01,2021-04-10,46.9253,"FARGO HECTOR INTERNATIONAL AIRPORT, ND US",0.6207,METERS,-96.8111
2020-04-13T00:00:00,TMIN,GHCND:USW00014914,",,W,2400",15.0,274.3,1891-05-01,2021-04-10,46.9253,"FARGO HECTOR INTERNATIONAL AIRPORT, ND US",0.6207,METERS,-96.8111
2020-04-13T00:00:00,WDF2,GHCND:USW00014914,",,W,",340.0,274.3,1891-05-01,2021-04-10,46.9253,"FARGO HECTOR INTERNATIONAL AIRPORT, ND US",0.6207,METERS,-96.8111
2020-04-13T00:00:00,WDF5,GHCND:USW00014914,",,W,",350.0,274.3,1891-05-01,2021-04-10,46.9253,"FARGO HECTOR INTERNATIONAL AIRPORT, ND US",0.6207,METERS,-96.8111
2020-04-13T00:00:00,WSF2,GHCND:USW00014914,",,W,",25.9,274.3,1891-05-01,2021-04-10,46.9253,"FARGO HECTOR INTERNATIONAL AIRPORT, ND US",0.6207,METERS,-96.8111
2020-04-13T00:00:00,WSF5,GHCND:USW00014914,",,W,",35.1,274.3,1891-05-01,2021-04-10,46.9253,"FARGO HECTOR INTERNATIONAL AIRPORT, ND US",0.6207,METERS,-96.8111
2020-04-13T00:00:00,WT01,GHCND:USW00014914,",,W,",1.0,274.3,1891-05-01,2021-04-10,46.9253,"FARGO HECTOR INTERNATIONAL AIRPORT, ND US",0.6207,METERS,-96.8111
2020-04-13T00:00:00,WT08,GHCND:USW00014914,",,W,",1.0,274.3,1891-05-01,2021-04-10,46.9253,"FARGO HECTOR INTERNATIONAL AIRPORT, ND US",0.6207,METERS,-96.8111
2020-04-13T00:00:00,AWND,GHCND:USW00014916,",,W,",12.8,256.6,1941-04-01,2021-04-10,47.9428,"GRAND FORKS INTERNATIONAL AIRPORT, ND US",0.9957,METERS,-97.1839
2020-04-13T00:00:00,PRCP,GHCND:USW00014916,",,W,2400",0.04,256.6,1941-04-01,2021-04-10,47.9428,"GRAND FORKS INTERNATIONAL AIRPORT, ND US",0.9957,METERS,-97.1839
2020-04-13T00:00:00,SNOW,GHCND:USW00014916,",,W,",1.1,256.6,1941-04-01,2021-04-10,47.9428,"GRAND FORKS INTERNATIONAL AIRPORT, ND US",0.9957,METERS,-97.1839
2020-04-13T00:00:00,SNWD,GHCND:USW00014916,",,W,2400",0.0,256.6,1941-04-01,2021-04-10,47.9428,"GRAND FORKS INTERNATIONAL AIRPORT, ND US",0.9957,METERS,-97.1839
2020-04-13T00:00:00,TAVG,GHCND:USW00014916,"H,,S,",22.0,256.6,1941-04-01,2021-04-10,47.9428,"GRAND FORKS INTERNATIONAL AIRPORT, ND US",0.9957,METERS,-97.1839
2020-04-13T00:00:00,TMAX,GHCND:USW00014916,",,W,2400",27.0,256.6,1941-04-01,2021-04-10,47.9428,"GRAND FORKS INTERNATIONAL AIRPORT, ND US",0.9957,METERS,-97.1839
2020-04-13T00:00:00,TMIN,GHCND:USW00014916,",,W,2400",11.0,256.6,1941-04-01,2021-04-10,47.9428,"GRAND FORKS INTERNATIONAL AIRPORT, ND US",0.9957,METERS,-97.1839
2020-04-13T00:00:00,WDF2,GHCND:USW00014916,",,W,",360.0,256.6,1941-04-01,2021-04-10,47.9428,"GRAND FORKS INTERNATIONAL AIRPORT, ND US",0.9957,METERS,-97.1839
2020-04-13T00:00:00,WDF5,GHCND:USW00014916,",,W,",350.0,256.6,1941-04-01,2021-04-10,47.9428,"GRAND FORKS INTERNATIONAL AIRPORT, ND US",0.9957,METERS,-97.1839
2020-04-13T00:00:00,WSF2,GHCND:USW00014916,",,W,",25.9,256.6,1941-04-01,2021-04-10,47.9428,"GRAND FORKS INTERNATIONAL AIRPORT, ND US",0.9957,METERS,-97.1839
2020-04-13T00:00:00,WSF5,GHCND:USW00014916,",,W,",35.1,256.6,1941-04-01,2021-04-10,47.9428,"GRAND FORKS INTERNATIONAL AIRPORT, ND US",0.9957,METERS,-97.1839
2020-04-13T00:00:00,WT01,GHCND:USW00014916,",,W,",1.0,256.6,1941-04-01,2021-04-10,47.9428,"GRAND FORKS INTERNATIONAL AIRPORT, ND US",0.9957,METERS,-97.1839
2020-04-13T00:00:00,WT08,GHCND:USW00014916,",,W,",1.0,256.6,1941-04-01,2021-04-10,47.9428,"GRAND FORKS INTERNATIONAL AIRPORT, ND US",0.9957,METERS,-97.1839
2020-04-13T00:00:00,WT09,GHCND:USW00014916,",,W,",1.0,256.6,1941-04-01,2021-04-10,47.9428,"GRAND FORKS INTERNATIONAL AIRPORT, ND US",0.9957,METERS,-97.1839
2020-04-13T00:00:00,AWND,GHCND:USW00014919,",,W,",15.9,455.4,1948-07-01,2021-04-09,46.9258,"JAMESTOWN MUNICIPAL AIRPORT, ND US",0.9998,METERS,-98.6691
2020-04-13T00:00:00,PRCP,GHCND:USW00014919,"T,,W,2400",0.0,455.4,1948-07-01,2021-04-09,46.9258,"JAMESTOWN MUNICIPAL AIRPORT, ND US",0.9998,METERS,-98.6691
2020-04-13T00:00:00,TMAX,GHCND:USW00014919,",,W,2400",29.0,455.4,1948-07-01,2021-04-09,46.9258,"JAMESTOWN MUNICIPAL AIRPORT, ND US",0.9998,METERS,-98.6691
2020-04-13T00:00:00,TMIN,GHCND:USW00014919,",,W,2400",17.0,455.4,1948-07-01,2021-04-09,46.9258,"JAMESTOWN MUNICIPAL AIRPORT, ND US",0.9998,METERS,-98.6691
2020-04-13T00:00:00,WDF2,GHCND:USW00014919,",,W,",330.0,455.4,1948-07-01,2021-04-09,46.9258,"JAMESTOWN MUNICIPAL AIRPORT, ND US",0.9998,METERS,-98.6691
2020-04-13T00:00:00,WDF5,GHCND:USW00014919,",,W,",320.0,455.4,1948-07-01,2021-04-09,46.9258,"JAMESTOWN MUNICIPAL AIRPORT, ND US",0.9998,METERS,-98.6691
2020-04-13T00:00:00,WSF2,GHCND:USW00014919,",,W,",31.1,455.4,1948-07-01,2021-04-09,46.9258,"JAMESTOWN MUNICIPAL AIRPORT, ND US",0.9998,METERS,-98.6691
2020-04-13T00:00:00,WSF5,GHCND:USW00014919,",,W,",38.9,455.4,1948-07-01,2021-04-09,46.9258,"JAMESTOWN MUNICIPAL AIRPORT, ND US",0.9998,METERS,-98.6691
2020-04-13T00:00:00,WT01,GHCND:USW00014919,",,W,",1.0,455.4,1948-07-01,2021-04-09,46.9258,"JAMESTOWN MUNICIPAL AIRPORT, ND US",0.9998,METERS,-98.6691
2020-04-13T00:00:00,WT02,GHCND:USW00014919,",,W,",1.0,455.4,1948-07-01,2021-04-09,46.9258,"JAMESTOWN MUNICIPAL AIRPORT, ND US",0.9998,METERS,-98.6691
2020-04-13T00:00:00,WT08,GHCND:USW00014919,",,W,",1.0,455.4,1948-07-01,2021-04-09,46.9258,"JAMESTOWN MUNICIPAL AIRPORT, ND US",0.9998,METERS,-98.6691
2020-04-13T00:00:00,PRCP,GHCND:USW00014924,",,7,0800",0.02,240.8,1898-05-01,2021-04-10,48.9713,"PEMBINA, ND US",0.9507,METERS,-97.2414
2020-04-13T00:00:00,SNOW,GHCND:USW00014924,",,7,",0.5,240.8,1898-05-01,2021-04-10,48.9713,"PEMBINA, ND US",0.9507,METERS,-97.2414
2020-04-13T00:00:00,SNWD,GHCND:USW00014924,",,7,0800",1.0,240.8,1898-05-01,2021-04-10,48.9713,"PEMBINA, ND US",0.9507,METERS,-97.2414
2020-04-13T00:00:00,TMAX,GHCND:USW00014924,",,7,0800",31.0,240.8,1898-05-01,2021-04-10,48.9713,"PEMBINA, ND US",0.9507,METERS,-97.2414
2020-04-13T00:00:00,TMIN,GHCND:USW00014924,",,7,0800",18.0,240.8,1898-05-01,2021-04-10,48.9713,"PEMBINA, ND US",0.9507,METERS,-97.2414
2020-04-13T00:00:00,TOBS,GHCND:USW00014924,",,7,0800",18.0,240.8,1898-05-01,2021-04-10,48.9713,"PEMBINA, ND US",0.9507,METERS,-97.2414
2020-04-13T00:00:00,AWND,GHCND:USW00024011,",,W,",13.4,503.2,1936-07-01,2021-04-10,46.7825,"BISMARCK MUNICIPAL AIRPORT, ND US",0.8643,METERS,-100.7572
2020-04-13T00:00:00,PRCP,GHCND:USW00024011,",,W,2400",0.03,503.2,1936-07-01,2021-04-10,46.7825,"BISMARCK MUNICIPAL AIRPORT, ND US",0.8643,METERS,-100.7572
2020-04-13T00:00:00,SNOW,GHCND:USW00024011,",,W,",0.4,503.2,1936-07-01,2021-04-10,46.7825,"BISMARCK MUNICIPAL AIRPORT, ND US",0.8643,METERS,-100.7572
2020-04-13T00:00:00,SNWD,GHCND:USW00024011,"T,,W,",0.0,503.2,1936-07-01,2021-04-10,46.7825,"BISMARCK MUNICIPAL AIRPORT, ND US",0.8643,METERS,-100.7572
2020-04-13T00:00:00,TAVG,GHCND:USW00024011,"H,,S,",24.0,503.2,1936-07-01,2021-04-10,46.7825,"BISMARCK MUNICIPAL AIRPORT, ND US",0.8643,METERS,-100.7572
2020-04-13T00:00:00,TMAX,GHCND:USW00024011,",,W,2400",27.0,503.2,1936-07-01,2021-04-10,46.7825,"BISMARCK MUNICIPAL AIRPORT, ND US",0.8643,METERS,-100.7572
2020-04-13T00:00:00,TMIN,GHCND:USW00024011,",,W,2400",15.0,503.2,1936-07-01,2021-04-10,46.7825,"BISMARCK MUNICIPAL AIRPORT, ND US",0.8643,METERS,-100.7572
2020-04-13T00:00:00,WDF2,GHCND:USW00024011,",,W,",310.0,503.2,1936-07-01,2021-04-10,46.7825,"BISMARCK MUNICIPAL AIRPORT, ND US",0.8643,METERS,-100.7572
2020-04-13T00:00:00,WDF5,GHCND:USW00024011,",,W,",280.0,503.2,1936-07-01,2021-04-10,46.7825,"BISMARCK MUNICIPAL AIRPORT, ND US",0.8643,METERS,-100.7572
2020-04-13T00:00:00,WSF2,GHCND:USW00024011,",,W,",30.0,503.2,1936-07-01,2021-04-10,46.7825,"BISMARCK MUNICIPAL AIRPORT, ND US",0.8643,METERS,-100.7572
2020-04-13T00:00:00,WSF5,GHCND:USW00024011,",,W,",46.1,503.2,1936-07-01,2021-04-10,46.7825,"BISMARCK MUNICIPAL AIRPORT, ND US",0.8643,METERS,-100.7572
2020-04-13T00:00:00,AWND,GHCND:USW00024012,",,W,",14.3,786.4,1938-11-14,2021-04-10,46.7994,"DICKINSON THEODORE ROOSEVELT REGIONAL AIRPORT, ND US",0.8762,METERS,-102.7972
2020-04-13T00:00:00,PRCP,GHCND:USW00024012,"T,,W,2400",0.0,786.4,1938-11-14,2021-04-10,46.7994,"DICKINSON THEODORE ROOSEVELT REGIONAL AIRPORT, ND US",0.8762,METERS,-102.7972
2020-04-13T00:00:00,TAVG,GHCND:USW00024012,"H,,S,",18.0,786.4,1938-11-14,2021-04-10,46.7994,"DICKINSON THEODORE ROOSEVELT REGIONAL AIRPORT, ND US",0.8762,METERS,-102.7972
2020-04-13T00:00:00,TMAX,GHCND:USW00024012,",,W,2400",24.0,786.4,1938-11-14,2021-04-10,46.7994,"DICKINSON THEODORE ROOSEVELT REGIONAL AIRPORT, ND US",0.8762,METERS,-102.7972
2020-04-13T00:00:00,TMIN,GHCND:USW00024012,",,W,2400",5.0,786.4,1938-11-14,2021-04-10,46.7994,"DICKINSON THEODORE ROOSEVELT REGIONAL AIRPORT, ND US",0.8762,METERS,-102.7972
2020-04-13T00:00:00,WDF2,GHCND:USW00024012,",,W,",300.0,786.4,1938-11-14,2021-04-10,46.7994,"DICKINSON THEODORE ROOSEVELT REGIONAL AIRPORT, ND US",0.8762,METERS,-102.7972
2020-04-13T00:00:00,WDF5,GHCND:USW00024012,",,W,",300.0,786.4,1938-11-14,2021-04-10,46.7994,"DICKINSON THEODORE ROOSEVELT REGIONAL AIRPORT, ND US",0.8762,METERS,-102.7972
2020-04-13T00:00:00,WSF2,GHCND:USW00024012,",,W,",29.1,786.4,1938-11-14,2021-04-10,46.7994,"DICKINSON THEODORE ROOSEVELT REGIONAL AIRPORT, ND US",0.8762,METERS,-102.7972
2020-04-13T00:00:00,WSF5,GHCND:USW00024012,",,W,",36.9,786.4,1938-11-14,2021-04-10,46.7994,"DICKINSON THEODORE ROOSEVELT REGIONAL AIRPORT, ND US",0.8762,METERS,-102.7972
2020-04-13T00:00:00,WT01,GHCND:USW00024012,",,W,",1.0,786.4,1938-11-14,2021-04-10,46.7994,"DICKINSON THEODORE ROOSEVELT REGIONAL AIRPORT, ND US",0.8762,METERS,-102.7972
2020-04-13T00:00:00,WT08,GHCND:USW00024012,",,W,",1.0,786.4,1938-11-14,2021-04-10,46.7994,"DICKINSON THEODORE ROOSEVELT REGIONAL AIRPORT, ND US",0.8762,METERS,-102.7972
2020-04-13T00:00:00,AWND,GHCND:USW00024013,",,W,",15.9,507.5,1948-07-02,2021-04-09,48.2552,"MINOT INTERNATIONAL AIRPORT, ND US",0.9815,METERS,-101.2733
2020-04-13T00:00:00,PRCP,GHCND:USW00024013,"T,,W,2400",0.0,507.5,1948-07-02,2021-04-09,48.2552,"MINOT INTERNATIONAL AIRPORT, ND US",0.9815,METERS,-101.2733
2020-04-13T00:00:00,TMAX,GHCND:USW00024013,",,W,2400",27.0,507.5,1948-07-02,2021-04-09,48.2552,"MINOT INTERNATIONAL AIRPORT, ND US",0.9815,METERS,-101.2733
2020-04-13T00:00:00,TMIN,GHCND:USW00024013,",,W,2400",14.0,507.5,1948-07-02,2021-04-09,48.2552,"MINOT INTERNATIONAL AIRPORT, ND US",0.9815,METERS,-101.2733
2020-04-13T00:00:00,WDF2,GHCND:USW00024013,",,W,",290.0,507.5,1948-07-02,2021-04-09,48.2552,"MINOT INTERNATIONAL AIRPORT, ND US",0.9815,METERS,-101.2733
2020-04-13T00:00:00,WDF5,GHCND:USW00024013,",,W,",290.0,507.5,1948-07-02,2021-04-09,48.2552,"MINOT INTERNATIONAL AIRPORT, ND US",0.9815,METERS,-101.2733
2020-04-13T00:00:00,WSF2,GHCND:USW00024013,",,W,",29.1,507.5,1948-07-02,2021-04-09,48.2552,"MINOT INTERNATIONAL AIRPORT, ND US",0.9815,METERS,-101.2733
2020-04-13T00:00:00,WSF5,GHCND:USW00024013,",,W,",38.0,507.5,1948-07-02,2021-04-09,48.2552,"MINOT INTERNATIONAL AIRPORT, ND US",0.9815,METERS,-101.2733
2020-04-13T00:00:00,WT08,GHCND:USW00024013,",,W,",1.0,507.5,1948-07-02,2021-04-09,48.2552,"MINOT INTERNATIONAL AIRPORT, ND US",0.9815,METERS,-101.2733
2020-04-13T00:00:00,PRCP,GHCND:USW00054937,",,R,",0.06,585.2,2008-07-30,2021-04-09,46.7702,"JAMESTOWN 38 WSW, ND US",0.9931,METERS,-99.4778
2020-04-13T00:00:00,TMAX,GHCND:USW00054937,",,R,",26.0,585.2,2008-07-30,2021-04-09,46.7702,"JAMESTOWN 38 WSW, ND US",0.9931,METERS,-99.4778
2020-04-13T00:00:00,TMIN,GHCND:USW00054937,",,R,",13.0,585.2,2008-07-30,2021-04-09,46.7702,"JAMESTOWN 38 WSW, ND US",0.9931,METERS,-99.4778
2020-04-13T00:00:00,AWND,GHCND:USW00094038,",,W,",15.4,824.5,1996-07-01,2021-04-09,46.01389,"HETTINGER MUNICIPAL AIRPORT, ND US",0.9954,METERS,-102.65472
2020-04-13T00:00:00,PRCP,GHCND:USW00094038,"T,,W,",0.0,824.5,1996-07-01,2021-04-09,46.01389,"HETTINGER MUNICIPAL AIRPORT, ND US",0.9954,METERS,-102.65472
2020-04-13T00:00:00,TMAX,GHCND:USW00094038,",,W,",25.0,824.5,1996-07-01,2021-04-09,46.01389,"HETTINGER MUNICIPAL AIRPORT, ND US",0.9954,METERS,-102.65472
2020-04-13T00:00:00,TMIN,GHCND:USW00094038,",,W,",6.0,824.5,1996-07-01,2021-04-09,46.01389,"HETTINGER MUNICIPAL AIRPORT, ND US",0.9954,METERS,-102.65472
2020-04-13T00:00:00,WDF2,GHCND:USW00094038,",,W,",280.0,824.5,1996-07-01,2021-04-09,46.01389,"HETTINGER MUNICIPAL AIRPORT, ND US",0.9954,METERS,-102.65472
2020-04-13T00:00:00,WDF5,GHCND:USW00094038,",,W,",280.0,824.5,1996-07-01,2021-04-09,46.01389,"HETTINGER MUNICIPAL AIRPORT, ND US",0.9954,METERS,-102.65472
2020-04-13T00:00:00,WSF2,GHCND:USW00094038,",,W,",32.0,824.5,1996-07-01,2021-04-09,46.01389,"HETTINGER MUNICIPAL AIRPORT, ND US",0.9954,METERS,-102.65472
2020-04-13T00:00:00,WSF5,GHCND:USW00094038,",,W,",40.9,824.5,1996-07-01,2021-04-09,46.01389,"HETTINGER MUNICIPAL AIRPORT, ND US",0.9954,METERS,-102.65472
2020-04-13T00:00:00,WT01,GHCND:USW00094038,",,W,",1.0,824.5,1996-07-01,2021-04-09,46.01389,"HETTINGER MUNICIPAL AIRPORT, ND US",0.9954,METERS,-102.65472
2020-04-13T00:00:00,WT08,GHCND:USW00094038,",,W,",1.0,824.5,1996-07-01,2021-04-09,46.01389,"HETTINGER MUNICIPAL AIRPORT, ND US",0.9954,METERS,-102.65472
2020-04-13T00:00:00,AWND,GHCND:USW00094041,",,W,",15.0,582.2,1998-05-21,2021-04-08,47.64583,"GARRISON, ND US",0.9971,METERS,-101.43944
2020-04-13T00:00:00,PRCP,GHCND:USW00094041,",,W,",0.01,582.2,1998-05-21,2021-04-08,47.64583,"GARRISON, ND US",0.9971,METERS,-101.43944
2020-04-13T00:00:00,TMAX,GHCND:USW00094041,",,W,",24.0,582.2,1998-05-21,2021-04-08,47.64583,"GARRISON, ND US",0.9971,METERS,-101.43944
2020-04-13T00:00:00,TMIN,GHCND:USW00094041,",,W,",8.0,582.2,1998-05-21,2021-04-08,47.64583,"GARRISON, ND US",0.9971,METERS,-101.43944
2020-04-13T00:00:00,WDF2,GHCND:USW00094041,",,W,",310.0,582.2,1998-05-21,2021-04-08,47.64583,"GARRISON, ND US",0.9971,METERS,-101.43944
2020-04-13T00:00:00,WDF5,GHCND:USW00094041,",,W,",310.0,582.2,1998-05-21,2021-04-08,47.64583,"GARRISON, ND US",0.9971,METERS,-101.43944
2020-04-13T00:00:00,WSF2,GHCND:USW00094041,",,W,",33.1,582.2,1998-05-21,2021-04-08,47.64583,"GARRISON, ND US",0.9971,METERS,-101.43944
2020-04-13T00:00:00,WSF5,GHCND:USW00094041,",,W,",40.9,582.2,1998-05-21,2021-04-08,47.64583,"GARRISON, ND US",0.9971,METERS,-101.43944
2020-04-13T00:00:00,PRCP,GHCND:USW00094080,",,R,",0.02,844.6,2004-09-19,2021-04-09,46.8946,"MEDORA 7 E, ND US",0.9987,METERS,-103.3769
2020-04-13T00:00:00,TMAX,GHCND:USW00094080,",,R,",22.0,844.6,2004-09-19,2021-04-09,46.8946,"MEDORA 7 E, ND US",0.9987,METERS,-103.3769
2020-04-13T00:00:00,TMIN,GHCND:USW00094080,",,R,",11.0,844.6,2004-09-19,2021-04-09,46.8946,"MEDORA 7 E, ND US",0.9987,METERS,-103.3769
2020-04-13T00:00:00,PRCP,GHCND:USW00094084,",,R,",0.0,561.4,2006-10-19,2021-04-09,48.9676,"NORTHGATE 5 ESE, ND US",0.9977,METERS,-102.1702
2020-04-13T00:00:00,TMAX,GHCND:USW00094084,",,R,",24.0,561.4,2006-10-19,2021-04-09,48.9676,"NORTHGATE 5 ESE, ND US",0.9977,METERS,-102.1702
2020-04-13T00:00:00,TMIN,GHCND:USW00094084,",,R,",10.0,561.4,2006-10-19,2021-04-09,48.9676,"NORTHGATE 5 ESE, ND US",0.9977,METERS,-102.1702
